Dataset,Category,Group,InGroupSize,Run,Purity
scaled-booknlp-quotes,('gender', 'F'),54,54,0,0.014508124935448586
scaled-booknlp-quotes,('gender', 'F'),54,54,1,0.014508124935448586
scaled-booknlp-quotes,('gender', 'F'),54,54,2,0.014508124935448586
scaled-booknlp-quotes,('gender', 'F'),54,54,3,0.014508124935448586
scaled-booknlp-quotes,('gender', 'F'),54,54,4,0.014508124935448586
scaled-booknlp-quotes,('gender', 'F'),54,54,5,0.01510523379417467
scaled-booknlp-quotes,('gender', 'F'),54,54,6,0.014508124935448586
scaled-booknlp-quotes,('gender', 'F'),54,54,7,0.01510523379417467
scaled-booknlp-quotes,('gender', 'F'),54,54,8,0.014508124935448586
scaled-booknlp-quotes,('gender', 'F'),54,54,9,0.014508124935448586
scaled-booknlp-quotes,('gender', 'F'),54,54,10,0.014508124935448586
scaled-booknlp-quotes,('gender', 'F'),54,54,11,0.014508124935448586
scaled-booknlp-quotes,('gender', 'F'),54,54,12,0.014508124935448586
scaled-booknlp-quotes,('gender', 'F'),54,54,13,0.014508124935448586
scaled-booknlp-quotes,('gender', 'F'),54,54,14,0.014508124935448586
scaled-booknlp-quotes,('gender', 'F'),54,54,15,0.014508124935448586
scaled-booknlp-quotes,('gender', 'F'),54,54,16,0.014508124935448586
scaled-booknlp-quotes,('gender', 'F'),54,54,17,0.014508124935448586
scaled-booknlp-quotes,('gender', 'F'),54,54,18,0.014508124935448586
scaled-booknlp-quotes,('gender', 'F'),54,54,19,0.014508124935448586
scaled-booknlp-quotes,('gender', 'F'),54,54,20,0.014508124935448586
scaled-booknlp-quotes,('gender', 'F'),54,54,21,0.014508124935448586
scaled-booknlp-quotes,('gender', 'F'),54,54,22,0.014508124935448586
scaled-booknlp-quotes,('gender', 'F'),54,54,23,0.014508124935448586
scaled-booknlp-quotes,('gender', 'F'),54,54,24,0.014508124935448586
scaled-booknlp-quotes,('gender', 'F'),54,54,25,0.014508124935448586
scaled-booknlp-quotes,('gender', 'F'),54,54,26,0.01510523379417467
scaled-booknlp-quotes,('gender', 'F'),54,54,27,0.014508124935448586
scaled-booknlp-quotes,('gender', 'F'),54,54,28,0.014508124935448586
scaled-booknlp-quotes,('gender', 'F'),54,54,29,0.014508124935448586
scaled-booknlp-quotes,('gender', 'F'),54,54,30,0.014508124935448586
scaled-booknlp-quotes,('gender', 'F'),54,54,31,0.014508124935448586
scaled-booknlp-quotes,('gender', 'F'),54,54,32,0.014508124935448586
scaled-booknlp-quotes,('gender', 'F'),54,54,33,0.014508124935448586
scaled-booknlp-quotes,('gender', 'F'),54,54,34,0.014508124935448586
scaled-booknlp-quotes,('gender', 'F'),54,54,35,0.014508124935448586
scaled-booknlp-quotes,('gender', 'F'),54,54,36,0.014508124935448586
scaled-booknlp-quotes,('gender', 'F'),54,54,37,0.014508124935448586
scaled-booknlp-quotes,('gender', 'F'),54,54,38,0.01510523379417467
scaled-booknlp-quotes,('gender', 'F'),54,54,39,0.014508124935448586
scaled-booknlp-quotes,('gender', 'F'),54,54,40,0.014508124935448586
scaled-booknlp-quotes,('gender', 'F'),54,54,41,0.01510523379417467
scaled-booknlp-quotes,('gender', 'F'),54,54,42,0.014508124935448586
scaled-booknlp-quotes,('gender', 'F'),54,54,43,0.014508124935448586
scaled-booknlp-quotes,('gender', 'F'),54,54,44,0.014508124935448586
scaled-booknlp-quotes,('gender', 'F'),54,54,45,0.014508124935448586
scaled-booknlp-quotes,('gender', 'F'),54,54,46,0.014508124935448586
scaled-booknlp-quotes,('gender', 'F'),54,54,47,0.014508124935448586
scaled-booknlp-quotes,('gender', 'F'),54,54,48,0.014508124935448586
scaled-booknlp-quotes,('gender', 'F'),54,54,49,0.01510523379417467
scaled-booknlp-quotes,('rank', 'new gentle'),5,5,0,-0.010414142063189675
scaled-booknlp-quotes,('rank', 'new gentle'),5,5,1,-0.010414142063189675
scaled-booknlp-quotes,('rank', 'new gentle'),5,5,2,-0.010414142063189675
scaled-booknlp-quotes,('rank', 'new gentle'),5,5,3,-0.010414142063189675
scaled-booknlp-quotes,('rank', 'new gentle'),5,5,4,-0.010414142063189675
scaled-booknlp-quotes,('rank', 'new gentle'),5,5,5,-0.00879424576060932
scaled-booknlp-quotes,('rank', 'new gentle'),5,5,6,-0.010414142063189675
scaled-booknlp-quotes,('rank', 'new gentle'),5,5,7,-0.010414142063189675
scaled-booknlp-quotes,('rank', 'new gentle'),5,5,8,-0.010414142063189675
scaled-booknlp-quotes,('rank', 'new gentle'),5,5,9,-0.010414142063189675
scaled-booknlp-quotes,('rank', 'new gentle'),5,5,10,-0.010414142063189675
scaled-booknlp-quotes,('rank', 'new gentle'),5,5,11,-0.010414142063189675
scaled-booknlp-quotes,('rank', 'new gentle'),5,5,12,-0.010414142063189675
scaled-booknlp-quotes,('rank', 'new gentle'),5,5,13,-0.010414142063189675
scaled-booknlp-quotes,('rank', 'new gentle'),5,5,14,-0.010414142063189675
scaled-booknlp-quotes,('rank', 'new gentle'),5,5,15,-0.010414142063189675
scaled-booknlp-quotes,('rank', 'new gentle'),5,5,16,-0.010414142063189675
scaled-booknlp-quotes,('rank', 'new gentle'),5,5,17,-0.010414142063189675
scaled-booknlp-quotes,('rank', 'new gentle'),5,5,18,-0.010414142063189675
scaled-booknlp-quotes,('rank', 'new gentle'),5,5,19,-0.010414142063189675
scaled-booknlp-quotes,('rank', 'new gentle'),5,5,20,-0.010414142063189675
scaled-booknlp-quotes,('rank', 'new gentle'),5,5,21,-0.010414142063189675
scaled-booknlp-quotes,('rank', 'new gentle'),5,5,22,-0.010414142063189675
scaled-booknlp-quotes,('rank', 'new gentle'),5,5,23,-0.010414142063189675
scaled-booknlp-quotes,('rank', 'new gentle'),5,5,24,-0.010414142063189675
scaled-booknlp-quotes,('rank', 'new gentle'),5,5,25,-0.010414142063189675
scaled-booknlp-quotes,('rank', 'new gentle'),5,5,26,-0.010414142063189675
scaled-booknlp-quotes,('rank', 'new gentle'),5,5,27,-0.009386140928483762
scaled-booknlp-quotes,('rank', 'new gentle'),5,5,28,-0.010414142063189675
scaled-booknlp-quotes,('rank', 'new gentle'),5,5,29,-0.010414142063189675
scaled-booknlp-quotes,('rank', 'new gentle'),5,5,30,-0.010414142063189675
scaled-booknlp-quotes,('rank', 'new gentle'),5,5,31,-0.010414142063189675
scaled-booknlp-quotes,('rank', 'new gentle'),5,5,32,-0.010414142063189675
scaled-booknlp-quotes,('rank', 'new gentle'),5,5,33,-0.010414142063189675
scaled-booknlp-quotes,('rank', 'new gentle'),5,5,34,-0.010414142063189675
scaled-booknlp-quotes,('rank', 'new gentle'),5,5,35,-0.010414142063189675
scaled-booknlp-quotes,('rank', 'new gentle'),5,5,36,-0.010414142063189675
scaled-booknlp-quotes,('rank', 'new gentle'),5,5,37,-0.010414142063189675
scaled-booknlp-quotes,('rank', 'new gentle'),5,5,38,-0.010414142063189675
scaled-booknlp-quotes,('rank', 'new gentle'),5,5,39,-0.010414142063189675
scaled-booknlp-quotes,('rank', 'new gentle'),5,5,40,-0.010414142063189675
scaled-booknlp-quotes,('rank', 'new gentle'),5,5,41,-0.010414142063189675
scaled-booknlp-quotes,('rank', 'new gentle'),5,5,42,-0.010414142063189675
scaled-booknlp-quotes,('rank', 'new gentle'),5,5,43,-0.010414142063189675
scaled-booknlp-quotes,('rank', 'new gentle'),5,5,44,-0.010414142063189675
scaled-booknlp-quotes,('rank', 'new gentle'),5,5,45,-0.010414142063189675
scaled-booknlp-quotes,('rank', 'new gentle'),5,5,46,-0.010414142063189675
scaled-booknlp-quotes,('rank', 'new gentle'),5,5,47,-0.010414142063189675
scaled-booknlp-quotes,('rank', 'new gentle'),5,5,48,-0.010414142063189675
scaled-booknlp-quotes,('rank', 'new gentle'),5,5,49,-0.010414142063189675
scaled-booknlp-quotes,('maritalStatus', 'M'),35,35,0,0.0315099282646287
scaled-booknlp-quotes,('maritalStatus', 'M'),35,35,1,0.0315099282646287
scaled-booknlp-quotes,('maritalStatus', 'M'),35,35,2,0.0315099282646287
scaled-booknlp-quotes,('maritalStatus', 'M'),35,35,3,0.0315099282646287
scaled-booknlp-quotes,('maritalStatus', 'M'),35,35,4,0.03289938223255695
scaled-booknlp-quotes,('maritalStatus', 'M'),35,35,5,0.0315099282646287
scaled-booknlp-quotes,('maritalStatus', 'M'),35,35,6,0.0315099282646287
scaled-booknlp-quotes,('maritalStatus', 'M'),35,35,7,0.0315099282646287
scaled-booknlp-quotes,('maritalStatus', 'M'),35,35,8,0.0315099282646287
scaled-booknlp-quotes,('maritalStatus', 'M'),35,35,9,0.0315099282646287
scaled-booknlp-quotes,('maritalStatus', 'M'),35,35,10,0.0315099282646287
scaled-booknlp-quotes,('maritalStatus', 'M'),35,35,11,0.03289938223255695
scaled-booknlp-quotes,('maritalStatus', 'M'),35,35,12,0.0315099282646287
scaled-booknlp-quotes,('maritalStatus', 'M'),35,35,13,0.0315099282646287
scaled-booknlp-quotes,('maritalStatus', 'M'),35,35,14,0.0315099282646287
scaled-booknlp-quotes,('maritalStatus', 'M'),35,35,15,0.0315099282646287
scaled-booknlp-quotes,('maritalStatus', 'M'),35,35,16,0.0315099282646287
scaled-booknlp-quotes,('maritalStatus', 'M'),35,35,17,0.0315099282646287
scaled-booknlp-quotes,('maritalStatus', 'M'),35,35,18,0.0315099282646287
scaled-booknlp-quotes,('maritalStatus', 'M'),35,35,19,0.0315099282646287
scaled-booknlp-quotes,('maritalStatus', 'M'),35,35,20,0.03289938223255695
scaled-booknlp-quotes,('maritalStatus', 'M'),35,35,21,0.0315099282646287
scaled-booknlp-quotes,('maritalStatus', 'M'),35,35,22,0.0315099282646287
scaled-booknlp-quotes,('maritalStatus', 'M'),35,35,23,0.0315099282646287
scaled-booknlp-quotes,('maritalStatus', 'M'),35,35,24,0.0315099282646287
scaled-booknlp-quotes,('maritalStatus', 'M'),35,35,25,0.03289938223255695
scaled-booknlp-quotes,('maritalStatus', 'M'),35,35,26,0.0315099282646287
scaled-booknlp-quotes,('maritalStatus', 'M'),35,35,27,0.0315099282646287
scaled-booknlp-quotes,('maritalStatus', 'M'),35,35,28,0.03289938223255695
scaled-booknlp-quotes,('maritalStatus', 'M'),35,35,29,0.0315099282646287
scaled-booknlp-quotes,('maritalStatus', 'M'),35,35,30,0.036323571342616975
scaled-booknlp-quotes,('maritalStatus', 'M'),35,35,31,0.0315099282646287
scaled-booknlp-quotes,('maritalStatus', 'M'),35,35,32,0.0315099282646287
scaled-booknlp-quotes,('maritalStatus', 'M'),35,35,33,0.0315099282646287
scaled-booknlp-quotes,('maritalStatus', 'M'),35,35,34,0.0315099282646287
scaled-booknlp-quotes,('maritalStatus', 'M'),35,35,35,0.0315099282646287
scaled-booknlp-quotes,('maritalStatus', 'M'),35,35,36,0.0315099282646287
scaled-booknlp-quotes,('maritalStatus', 'M'),35,35,37,0.0315099282646287
scaled-booknlp-quotes,('maritalStatus', 'M'),35,35,38,0.0315099282646287
scaled-booknlp-quotes,('maritalStatus', 'M'),35,35,39,0.0315099282646287
scaled-booknlp-quotes,('maritalStatus', 'M'),35,35,40,0.0315099282646287
scaled-booknlp-quotes,('maritalStatus', 'M'),35,35,41,0.0315099282646287
scaled-booknlp-quotes,('maritalStatus', 'M'),35,35,42,0.0315099282646287
scaled-booknlp-quotes,('maritalStatus', 'M'),35,35,43,0.0315099282646287
scaled-booknlp-quotes,('maritalStatus', 'M'),35,35,44,0.0315099282646287
scaled-booknlp-quotes,('maritalStatus', 'M'),35,35,45,0.0315099282646287
scaled-booknlp-quotes,('maritalStatus', 'M'),35,35,46,0.0315099282646287
scaled-booknlp-quotes,('maritalStatus', 'M'),35,35,47,0.0315099282646287
scaled-booknlp-quotes,('maritalStatus', 'M'),35,35,48,0.0315099282646287
scaled-booknlp-quotes,('maritalStatus', 'M'),35,35,49,0.0315099282646287
scaled-booknlp-quotes,('rank', 'gentle'),44,44,0,-0.015442548501147403
scaled-booknlp-quotes,('rank', 'gentle'),44,44,1,-0.015442548501147403
scaled-booknlp-quotes,('rank', 'gentle'),44,44,2,-0.015442548501147403
scaled-booknlp-quotes,('rank', 'gentle'),44,44,3,-0.015442548501147403
scaled-booknlp-quotes,('rank', 'gentle'),44,44,4,-0.015442548501147403
scaled-booknlp-quotes,('rank', 'gentle'),44,44,5,-0.015464461263419816
scaled-booknlp-quotes,('rank', 'gentle'),44,44,6,-0.015442548501147403
scaled-booknlp-quotes,('rank', 'gentle'),44,44,7,-0.015442548501147403
scaled-booknlp-quotes,('rank', 'gentle'),44,44,8,-0.015464461263419816
scaled-booknlp-quotes,('rank', 'gentle'),44,44,9,-0.015442548501147403
scaled-booknlp-quotes,('rank', 'gentle'),44,44,10,-0.015442548501147403
scaled-booknlp-quotes,('rank', 'gentle'),44,44,11,-0.015442548501147403
scaled-booknlp-quotes,('rank', 'gentle'),44,44,12,-0.015442548501147403
scaled-booknlp-quotes,('rank', 'gentle'),44,44,13,-0.015442548501147403
scaled-booknlp-quotes,('rank', 'gentle'),44,44,14,-0.015442548501147403
scaled-booknlp-quotes,('rank', 'gentle'),44,44,15,-0.015442548501147403
scaled-booknlp-quotes,('rank', 'gentle'),44,44,16,-0.015442548501147403
scaled-booknlp-quotes,('rank', 'gentle'),44,44,17,-0.015442548501147403
scaled-booknlp-quotes,('rank', 'gentle'),44,44,18,-0.015442548501147403
scaled-booknlp-quotes,('rank', 'gentle'),44,44,19,-0.015442548501147403
scaled-booknlp-quotes,('rank', 'gentle'),44,44,20,-0.015442548501147403
scaled-booknlp-quotes,('rank', 'gentle'),44,44,21,-0.015442548501147403
scaled-booknlp-quotes,('rank', 'gentle'),44,44,22,-0.015442548501147403
scaled-booknlp-quotes,('rank', 'gentle'),44,44,23,-0.015442548501147403
scaled-booknlp-quotes,('rank', 'gentle'),44,44,24,-0.015442548501147403
scaled-booknlp-quotes,('rank', 'gentle'),44,44,25,-0.015442548501147403
scaled-booknlp-quotes,('rank', 'gentle'),44,44,26,-0.015442548501147403
scaled-booknlp-quotes,('rank', 'gentle'),44,44,27,-0.015442548501147403
scaled-booknlp-quotes,('rank', 'gentle'),44,44,28,-0.015442548501147403
scaled-booknlp-quotes,('rank', 'gentle'),44,44,29,-0.015442548501147403
scaled-booknlp-quotes,('rank', 'gentle'),44,44,30,-0.015442548501147403
scaled-booknlp-quotes,('rank', 'gentle'),44,44,31,-0.015442548501147403
scaled-booknlp-quotes,('rank', 'gentle'),44,44,32,-0.015442548501147403
scaled-booknlp-quotes,('rank', 'gentle'),44,44,33,-0.015442548501147403
scaled-booknlp-quotes,('rank', 'gentle'),44,44,34,-0.015442548501147403
scaled-booknlp-quotes,('rank', 'gentle'),44,44,35,-0.015442548501147403
scaled-booknlp-quotes,('rank', 'gentle'),44,44,36,-0.015442548501147403
scaled-booknlp-quotes,('rank', 'gentle'),44,44,37,-0.015442548501147403
scaled-booknlp-quotes,('rank', 'gentle'),44,44,38,-0.015442548501147403
scaled-booknlp-quotes,('rank', 'gentle'),44,44,39,-0.015442548501147403
scaled-booknlp-quotes,('rank', 'gentle'),44,44,40,-0.015442548501147403
scaled-booknlp-quotes,('rank', 'gentle'),44,44,41,-0.015442548501147403
scaled-booknlp-quotes,('rank', 'gentle'),44,44,42,-0.015442548501147403
scaled-booknlp-quotes,('rank', 'gentle'),44,44,43,-0.015442548501147403
scaled-booknlp-quotes,('rank', 'gentle'),44,44,44,-0.015442548501147403
scaled-booknlp-quotes,('rank', 'gentle'),44,44,45,-0.015442548501147403
scaled-booknlp-quotes,('rank', 'gentle'),44,44,46,-0.015442548501147403
scaled-booknlp-quotes,('rank', 'gentle'),44,44,47,-0.015442548501147403
scaled-booknlp-quotes,('rank', 'gentle'),44,44,48,-0.015442548501147403
scaled-booknlp-quotes,('rank', 'gentle'),44,44,49,-0.015442548501147403
scaled-booknlp-quotes,('maritalStatus', 'S'),43,43,0,-0.015464461263419816
scaled-booknlp-quotes,('maritalStatus', 'S'),43,43,1,-0.015484568932524487
scaled-booknlp-quotes,('maritalStatus', 'S'),43,43,2,-0.015464461263419816
scaled-booknlp-quotes,('maritalStatus', 'S'),43,43,3,-0.015464461263419816
scaled-booknlp-quotes,('maritalStatus', 'S'),43,43,4,-0.015484568932524487
scaled-booknlp-quotes,('maritalStatus', 'S'),43,43,5,-0.015464461263419816
scaled-booknlp-quotes,('maritalStatus', 'S'),43,43,6,-0.015464461263419816
scaled-booknlp-quotes,('maritalStatus', 'S'),43,43,7,-0.015464461263419816
scaled-booknlp-quotes,('maritalStatus', 'S'),43,43,8,-0.015484568932524487
scaled-booknlp-quotes,('maritalStatus', 'S'),43,43,9,-0.015464461263419816
scaled-booknlp-quotes,('maritalStatus', 'S'),43,43,10,-0.015464461263419816
scaled-booknlp-quotes,('maritalStatus', 'S'),43,43,11,-0.015464461263419816
scaled-booknlp-quotes,('maritalStatus', 'S'),43,43,12,-0.015464461263419816
scaled-booknlp-quotes,('maritalStatus', 'S'),43,43,13,-0.015464461263419816
scaled-booknlp-quotes,('maritalStatus', 'S'),43,43,14,-0.015464461263419816
scaled-booknlp-quotes,('maritalStatus', 'S'),43,43,15,-0.015464461263419816
scaled-booknlp-quotes,('maritalStatus', 'S'),43,43,16,-0.015484568932524487
scaled-booknlp-quotes,('maritalStatus', 'S'),43,43,17,-0.015464461263419816
scaled-booknlp-quotes,('maritalStatus', 'S'),43,43,18,-0.015464461263419816
scaled-booknlp-quotes,('maritalStatus', 'S'),43,43,19,-0.015464461263419816
scaled-booknlp-quotes,('maritalStatus', 'S'),43,43,20,-0.015464461263419816
scaled-booknlp-quotes,('maritalStatus', 'S'),43,43,21,-0.015464461263419816
scaled-booknlp-quotes,('maritalStatus', 'S'),43,43,22,-0.015464461263419816
scaled-booknlp-quotes,('maritalStatus', 'S'),43,43,23,-0.015464461263419816
scaled-booknlp-quotes,('maritalStatus', 'S'),43,43,24,-0.015464461263419816
scaled-booknlp-quotes,('maritalStatus', 'S'),43,43,25,-0.015464461263419816
scaled-booknlp-quotes,('maritalStatus', 'S'),43,43,26,-0.015464461263419816
scaled-booknlp-quotes,('maritalStatus', 'S'),43,43,27,-0.015464461263419816
scaled-booknlp-quotes,('maritalStatus', 'S'),43,43,28,-0.011840743278984567
scaled-booknlp-quotes,('maritalStatus', 'S'),43,43,29,-0.015464461263419816
scaled-booknlp-quotes,('maritalStatus', 'S'),43,43,30,-0.015464461263419816
scaled-booknlp-quotes,('maritalStatus', 'S'),43,43,31,-0.015464461263419816
scaled-booknlp-quotes,('maritalStatus', 'S'),43,43,32,-0.015464461263419816
scaled-booknlp-quotes,('maritalStatus', 'S'),43,43,33,-0.015464461263419816
scaled-booknlp-quotes,('maritalStatus', 'S'),43,43,34,-0.015464461263419816
scaled-booknlp-quotes,('maritalStatus', 'S'),43,43,35,-0.015484568932524487
scaled-booknlp-quotes,('maritalStatus', 'S'),43,43,36,-0.015464461263419816
scaled-booknlp-quotes,('maritalStatus', 'S'),43,43,37,-0.015464461263419816
scaled-booknlp-quotes,('maritalStatus', 'S'),43,43,38,-0.015464461263419816
scaled-booknlp-quotes,('maritalStatus', 'S'),43,43,39,-0.015464461263419816
scaled-booknlp-quotes,('maritalStatus', 'S'),43,43,40,-0.015464461263419816
scaled-booknlp-quotes,('maritalStatus', 'S'),43,43,41,-0.015464461263419816
scaled-booknlp-quotes,('maritalStatus', 'S'),43,43,42,-0.015464461263419816
scaled-booknlp-quotes,('maritalStatus', 'S'),43,43,43,-0.015464461263419816
scaled-booknlp-quotes,('maritalStatus', 'S'),43,43,44,-0.015464461263419816
scaled-booknlp-quotes,('maritalStatus', 'S'),43,43,45,-0.015464461263419816
scaled-booknlp-quotes,('maritalStatus', 'S'),43,43,46,-0.015464461263419816
scaled-booknlp-quotes,('maritalStatus', 'S'),43,43,47,-0.015464461263419816
scaled-booknlp-quotes,('maritalStatus', 'S'),43,43,48,-0.015464461263419816
scaled-booknlp-quotes,('maritalStatus', 'S'),43,43,49,-0.015464461263419816
scaled-booknlp-quotes,('gender', 'M'),42,42,0,-0.015484568932524487
scaled-booknlp-quotes,('gender', 'M'),42,42,1,-0.015484568932524487
scaled-booknlp-quotes,('gender', 'M'),42,42,2,-0.015484568932524487
scaled-booknlp-quotes,('gender', 'M'),42,42,3,-0.015484568932524487
scaled-booknlp-quotes,('gender', 'M'),42,42,4,-0.015484568932524487
scaled-booknlp-quotes,('gender', 'M'),42,42,5,-0.015484568932524487
scaled-booknlp-quotes,('gender', 'M'),42,42,6,-0.015484568932524487
scaled-booknlp-quotes,('gender', 'M'),42,42,7,-0.015484568932524487
scaled-booknlp-quotes,('gender', 'M'),42,42,8,-0.015484568932524487
scaled-booknlp-quotes,('gender', 'M'),42,42,9,-0.015484568932524487
scaled-booknlp-quotes,('gender', 'M'),42,42,10,-0.01550277321096478
scaled-booknlp-quotes,('gender', 'M'),42,42,11,-0.015484568932524487
scaled-booknlp-quotes,('gender', 'M'),42,42,12,-0.015484568932524487
scaled-booknlp-quotes,('gender', 'M'),42,42,13,-0.01550277321096478
scaled-booknlp-quotes,('gender', 'M'),42,42,14,-0.015484568932524487
scaled-booknlp-quotes,('gender', 'M'),42,42,15,-0.01550277321096478
scaled-booknlp-quotes,('gender', 'M'),42,42,16,-0.015484568932524487
scaled-booknlp-quotes,('gender', 'M'),42,42,17,-0.015484568932524487
scaled-booknlp-quotes,('gender', 'M'),42,42,18,-0.015484568932524487
scaled-booknlp-quotes,('gender', 'M'),42,42,19,-0.015484568932524487
scaled-booknlp-quotes,('gender', 'M'),42,42,20,-0.01550277321096478
scaled-booknlp-quotes,('gender', 'M'),42,42,21,-0.015484568932524487
scaled-booknlp-quotes,('gender', 'M'),42,42,22,-0.015484568932524487
scaled-booknlp-quotes,('gender', 'M'),42,42,23,-0.015484568932524487
scaled-booknlp-quotes,('gender', 'M'),42,42,24,-0.015484568932524487
scaled-booknlp-quotes,('gender', 'M'),42,42,25,-0.015484568932524487
scaled-booknlp-quotes,('gender', 'M'),42,42,26,-0.015484568932524487
scaled-booknlp-quotes,('gender', 'M'),42,42,27,-0.015484568932524487
scaled-booknlp-quotes,('gender', 'M'),42,42,28,-0.01550277321096478
scaled-booknlp-quotes,('gender', 'M'),42,42,29,-0.015484568932524487
scaled-booknlp-quotes,('gender', 'M'),42,42,30,-0.015484568932524487
scaled-booknlp-quotes,('gender', 'M'),42,42,31,-0.015484568932524487
scaled-booknlp-quotes,('gender', 'M'),42,42,32,-0.015484568932524487
scaled-booknlp-quotes,('gender', 'M'),42,42,33,-0.015484568932524487
scaled-booknlp-quotes,('gender', 'M'),42,42,34,-0.015484568932524487
scaled-booknlp-quotes,('gender', 'M'),42,42,35,-0.015484568932524487
scaled-booknlp-quotes,('gender', 'M'),42,42,36,-0.015484568932524487
scaled-booknlp-quotes,('gender', 'M'),42,42,37,-0.015484568932524487
scaled-booknlp-quotes,('gender', 'M'),42,42,38,-0.015484568932524487
scaled-booknlp-quotes,('gender', 'M'),42,42,39,-0.015484568932524487
scaled-booknlp-quotes,('gender', 'M'),42,42,40,-0.015484568932524487
scaled-booknlp-quotes,('gender', 'M'),42,42,41,-0.015484568932524487
scaled-booknlp-quotes,('gender', 'M'),42,42,42,-0.015484568932524487
scaled-booknlp-quotes,('gender', 'M'),42,42,43,-0.01550277321096478
scaled-booknlp-quotes,('gender', 'M'),42,42,44,-0.015484568932524487
scaled-booknlp-quotes,('gender', 'M'),42,42,45,-0.015484568932524487
scaled-booknlp-quotes,('gender', 'M'),42,42,46,-0.015484568932524487
scaled-booknlp-quotes,('gender', 'M'),42,42,47,-0.015484568932524487
scaled-booknlp-quotes,('gender', 'M'),42,42,48,-0.015484568932524487
scaled-booknlp-quotes,('gender', 'M'),42,42,49,-0.015484568932524487
scaled-booknlp-quotes,('rank', 'profession'),8,8,0,-0.01242892324609382
scaled-booknlp-quotes,('rank', 'profession'),8,8,1,-0.01242892324609382
scaled-booknlp-quotes,('rank', 'profession'),8,8,2,-0.01242892324609382
scaled-booknlp-quotes,('rank', 'profession'),8,8,3,-0.01242892324609382
scaled-booknlp-quotes,('rank', 'profession'),8,8,4,-0.01242892324609382
scaled-booknlp-quotes,('rank', 'profession'),8,8,5,-0.01242892324609382
scaled-booknlp-quotes,('rank', 'profession'),8,8,6,-0.01242892324609382
scaled-booknlp-quotes,('rank', 'profession'),8,8,7,-0.01242892324609382
scaled-booknlp-quotes,('rank', 'profession'),8,8,8,-0.01242892324609382
scaled-booknlp-quotes,('rank', 'profession'),8,8,9,-0.01242892324609382
scaled-booknlp-quotes,('rank', 'profession'),8,8,10,-0.01242892324609382
scaled-booknlp-quotes,('rank', 'profession'),8,8,11,-0.01242892324609382
scaled-booknlp-quotes,('rank', 'profession'),8,8,12,-0.01242892324609382
scaled-booknlp-quotes,('rank', 'profession'),8,8,13,-0.01242892324609382
scaled-booknlp-quotes,('rank', 'profession'),8,8,14,-0.01242892324609382
scaled-booknlp-quotes,('rank', 'profession'),8,8,15,-0.01242892324609382
scaled-booknlp-quotes,('rank', 'profession'),8,8,16,-0.01242892324609382
scaled-booknlp-quotes,('rank', 'profession'),8,8,17,-0.01242892324609382
scaled-booknlp-quotes,('rank', 'profession'),8,8,18,-0.01242892324609382
scaled-booknlp-quotes,('rank', 'profession'),8,8,19,-0.01242892324609382
scaled-booknlp-quotes,('rank', 'profession'),8,8,20,-0.01242892324609382
scaled-booknlp-quotes,('rank', 'profession'),8,8,21,-0.01242892324609382
scaled-booknlp-quotes,('rank', 'profession'),8,8,22,-0.01242892324609382
scaled-booknlp-quotes,('rank', 'profession'),8,8,23,-0.01242892324609382
scaled-booknlp-quotes,('rank', 'profession'),8,8,24,-0.01242892324609382
scaled-booknlp-quotes,('rank', 'profession'),8,8,25,-0.01242892324609382
scaled-booknlp-quotes,('rank', 'profession'),8,8,26,-0.01242892324609382
scaled-booknlp-quotes,('rank', 'profession'),8,8,27,-0.01242892324609382
scaled-booknlp-quotes,('rank', 'profession'),8,8,28,-0.01242892324609382
scaled-booknlp-quotes,('rank', 'profession'),8,8,29,-0.01242892324609382
scaled-booknlp-quotes,('rank', 'profession'),8,8,30,-0.01242892324609382
scaled-booknlp-quotes,('rank', 'profession'),8,8,31,-0.01242892324609382
scaled-booknlp-quotes,('rank', 'profession'),8,8,32,-0.01242892324609382
scaled-booknlp-quotes,('rank', 'profession'),8,8,33,-0.01242892324609382
scaled-booknlp-quotes,('rank', 'profession'),8,8,34,-0.01242892324609382
scaled-booknlp-quotes,('rank', 'profession'),8,8,35,-0.01242892324609382
scaled-booknlp-quotes,('rank', 'profession'),8,8,36,-0.01242892324609382
scaled-booknlp-quotes,('rank', 'profession'),8,8,37,-0.01242892324609382
scaled-booknlp-quotes,('rank', 'profession'),8,8,38,-0.01242892324609382
scaled-booknlp-quotes,('rank', 'profession'),8,8,39,-0.01242892324609382
scaled-booknlp-quotes,('rank', 'profession'),8,8,40,-0.01242892324609382
scaled-booknlp-quotes,('rank', 'profession'),8,8,41,-0.01242892324609382
scaled-booknlp-quotes,('rank', 'profession'),8,8,42,-0.01242892324609382
scaled-booknlp-quotes,('rank', 'profession'),8,8,43,-0.01242892324609382
scaled-booknlp-quotes,('rank', 'profession'),8,8,44,-0.01242892324609382
scaled-booknlp-quotes,('rank', 'profession'),8,8,45,-0.01242892324609382
scaled-booknlp-quotes,('rank', 'profession'),8,8,46,-0.01242892324609382
scaled-booknlp-quotes,('rank', 'profession'),8,8,47,-0.01242892324609382
scaled-booknlp-quotes,('rank', 'profession'),8,8,48,-0.01242892324609382
scaled-booknlp-quotes,('rank', 'profession'),8,8,49,-0.01242892324609382
scaled-booknlp-quotes,('maritalStatus', 'W'),12,12,0,-0.013860264117138884
scaled-booknlp-quotes,('maritalStatus', 'W'),12,12,1,-0.013860264117138884
scaled-booknlp-quotes,('maritalStatus', 'W'),12,12,2,-0.013860264117138884
scaled-booknlp-quotes,('maritalStatus', 'W'),12,12,3,-0.013860264117138884
scaled-booknlp-quotes,('maritalStatus', 'W'),12,12,4,-0.011085343022599208
scaled-booknlp-quotes,('maritalStatus', 'W'),12,12,5,-0.013860264117138884
scaled-booknlp-quotes,('maritalStatus', 'W'),12,12,6,-0.013860264117138884
scaled-booknlp-quotes,('maritalStatus', 'W'),12,12,7,-0.013860264117138884
scaled-booknlp-quotes,('maritalStatus', 'W'),12,12,8,-0.013860264117138884
scaled-booknlp-quotes,('maritalStatus', 'W'),12,12,9,-0.013860264117138884
scaled-booknlp-quotes,('maritalStatus', 'W'),12,12,10,-0.013860264117138884
scaled-booknlp-quotes,('maritalStatus', 'W'),12,12,11,-0.013860264117138884
scaled-booknlp-quotes,('maritalStatus', 'W'),12,12,12,-0.013860264117138884
scaled-booknlp-quotes,('maritalStatus', 'W'),12,12,13,-0.011085343022599208
scaled-booknlp-quotes,('maritalStatus', 'W'),12,12,14,-0.013860264117138884
scaled-booknlp-quotes,('maritalStatus', 'W'),12,12,15,-0.013860264117138884
scaled-booknlp-quotes,('maritalStatus', 'W'),12,12,16,-0.013860264117138884
scaled-booknlp-quotes,('maritalStatus', 'W'),12,12,17,-0.013860264117138884
scaled-booknlp-quotes,('maritalStatus', 'W'),12,12,18,-0.013583525752391995
scaled-booknlp-quotes,('maritalStatus', 'W'),12,12,19,-0.013860264117138884
scaled-booknlp-quotes,('maritalStatus', 'W'),12,12,20,-0.013860264117138884
scaled-booknlp-quotes,('maritalStatus', 'W'),12,12,21,-0.013860264117138884
scaled-booknlp-quotes,('maritalStatus', 'W'),12,12,22,-0.013860264117138884
scaled-booknlp-quotes,('maritalStatus', 'W'),12,12,23,-0.013860264117138884
scaled-booknlp-quotes,('maritalStatus', 'W'),12,12,24,-0.013860264117138884
scaled-booknlp-quotes,('maritalStatus', 'W'),12,12,25,-0.013860264117138884
scaled-booknlp-quotes,('maritalStatus', 'W'),12,12,26,-0.013860264117138884
scaled-booknlp-quotes,('maritalStatus', 'W'),12,12,27,-0.013860264117138884
scaled-booknlp-quotes,('maritalStatus', 'W'),12,12,28,-0.013860264117138884
scaled-booknlp-quotes,('maritalStatus', 'W'),12,12,29,-0.013860264117138884
scaled-booknlp-quotes,('maritalStatus', 'W'),12,12,30,-0.013860264117138884
scaled-booknlp-quotes,('maritalStatus', 'W'),12,12,31,-0.013860264117138884
scaled-booknlp-quotes,('maritalStatus', 'W'),12,12,32,-0.013860264117138884
scaled-booknlp-quotes,('maritalStatus', 'W'),12,12,33,-0.013860264117138884
scaled-booknlp-quotes,('maritalStatus', 'W'),12,12,34,-0.013860264117138884
scaled-booknlp-quotes,('maritalStatus', 'W'),12,12,35,-0.013860264117138884
scaled-booknlp-quotes,('maritalStatus', 'W'),12,12,36,-0.013860264117138884
scaled-booknlp-quotes,('maritalStatus', 'W'),12,12,37,-0.013860264117138884
scaled-booknlp-quotes,('maritalStatus', 'W'),12,12,38,-0.013860264117138884
scaled-booknlp-quotes,('maritalStatus', 'W'),12,12,39,-0.013860264117138884
scaled-booknlp-quotes,('maritalStatus', 'W'),12,12,40,-0.013860264117138884
scaled-booknlp-quotes,('maritalStatus', 'W'),12,12,41,-0.013860264117138884
scaled-booknlp-quotes,('maritalStatus', 'W'),12,12,42,-0.013860264117138884
scaled-booknlp-quotes,('maritalStatus', 'W'),12,12,43,-0.013860264117138884
scaled-booknlp-quotes,('maritalStatus', 'W'),12,12,44,-0.013860264117138884
scaled-booknlp-quotes,('maritalStatus', 'W'),12,12,45,-0.013860264117138884
scaled-booknlp-quotes,('maritalStatus', 'W'),12,12,46,-0.013860264117138884
scaled-booknlp-quotes,('maritalStatus', 'W'),12,12,47,-0.013860264117138884
scaled-booknlp-quotes,('maritalStatus', 'W'),12,12,48,-0.013860264117138884
scaled-booknlp-quotes,('maritalStatus', 'W'),12,12,49,-0.013860264117138884
scaled-booknlp-quotes,('rank', 'clergy'),11,11,0,-0.013583525752391995
scaled-booknlp-quotes,('rank', 'clergy'),11,11,1,-0.013583525752391995
scaled-booknlp-quotes,('rank', 'clergy'),11,11,2,-0.013583525752391995
scaled-booknlp-quotes,('rank', 'clergy'),11,11,3,-0.013583525752391995
scaled-booknlp-quotes,('rank', 'clergy'),11,11,4,-0.013583525752391995
scaled-booknlp-quotes,('rank', 'clergy'),11,11,5,-0.013583525752391995
scaled-booknlp-quotes,('rank', 'clergy'),11,11,6,-0.013583525752391995
scaled-booknlp-quotes,('rank', 'clergy'),11,11,7,-0.013583525752391995
scaled-booknlp-quotes,('rank', 'clergy'),11,11,8,-0.013583525752391995
scaled-booknlp-quotes,('rank', 'clergy'),11,11,9,-0.013583525752391995
scaled-booknlp-quotes,('rank', 'clergy'),11,11,10,-0.013583525752391995
scaled-booknlp-quotes,('rank', 'clergy'),11,11,11,-0.013583525752391995
scaled-booknlp-quotes,('rank', 'clergy'),11,11,12,-0.013583525752391995
scaled-booknlp-quotes,('rank', 'clergy'),11,11,13,-0.01326037011682902
scaled-booknlp-quotes,('rank', 'clergy'),11,11,14,-0.013583525752391995
scaled-booknlp-quotes,('rank', 'clergy'),11,11,15,-0.013583525752391995
scaled-booknlp-quotes,('rank', 'clergy'),11,11,16,-0.013583525752391995
scaled-booknlp-quotes,('rank', 'clergy'),11,11,17,-0.013583525752391995
scaled-booknlp-quotes,('rank', 'clergy'),11,11,18,-0.013583525752391995
scaled-booknlp-quotes,('rank', 'clergy'),11,11,19,-0.013583525752391995
scaled-booknlp-quotes,('rank', 'clergy'),11,11,20,-0.013583525752391995
scaled-booknlp-quotes,('rank', 'clergy'),11,11,21,-0.013583525752391995
scaled-booknlp-quotes,('rank', 'clergy'),11,11,22,-0.013583525752391995
scaled-booknlp-quotes,('rank', 'clergy'),11,11,23,-0.013583525752391995
scaled-booknlp-quotes,('rank', 'clergy'),11,11,24,-0.013583525752391995
scaled-booknlp-quotes,('rank', 'clergy'),11,11,25,-0.013583525752391995
scaled-booknlp-quotes,('rank', 'clergy'),11,11,26,-0.013583525752391995
scaled-booknlp-quotes,('rank', 'clergy'),11,11,27,-0.013583525752391995
scaled-booknlp-quotes,('rank', 'clergy'),11,11,28,-0.013583525752391995
scaled-booknlp-quotes,('rank', 'clergy'),11,11,29,-0.013583525752391995
scaled-booknlp-quotes,('rank', 'clergy'),11,11,30,-0.013583525752391995
scaled-booknlp-quotes,('rank', 'clergy'),11,11,31,-0.013583525752391995
scaled-booknlp-quotes,('rank', 'clergy'),11,11,32,-0.013583525752391995
scaled-booknlp-quotes,('rank', 'clergy'),11,11,33,-0.013583525752391995
scaled-booknlp-quotes,('rank', 'clergy'),11,11,34,-0.013583525752391995
scaled-booknlp-quotes,('rank', 'clergy'),11,11,35,-0.013583525752391995
scaled-booknlp-quotes,('rank', 'clergy'),11,11,36,-0.013583525752391995
scaled-booknlp-quotes,('rank', 'clergy'),11,11,37,-0.013583525752391995
scaled-booknlp-quotes,('rank', 'clergy'),11,11,38,-0.013583525752391995
scaled-booknlp-quotes,('rank', 'clergy'),11,11,39,-0.013583525752391995
scaled-booknlp-quotes,('rank', 'clergy'),11,11,40,-0.013583525752391995
scaled-booknlp-quotes,('rank', 'clergy'),11,11,41,-0.013583525752391995
scaled-booknlp-quotes,('rank', 'clergy'),11,11,42,-0.013583525752391995
scaled-booknlp-quotes,('rank', 'clergy'),11,11,43,-0.013583525752391995
scaled-booknlp-quotes,('rank', 'clergy'),11,11,44,-0.013583525752391995
scaled-booknlp-quotes,('rank', 'clergy'),11,11,45,-0.013583525752391995
scaled-booknlp-quotes,('rank', 'clergy'),11,11,46,-0.013583525752391995
scaled-booknlp-quotes,('rank', 'clergy'),11,11,47,-0.013583525752391995
scaled-booknlp-quotes,('rank', 'clergy'),11,11,48,-0.013583525752391995
scaled-booknlp-quotes,('rank', 'clergy'),11,11,49,-0.013583525752391995
scaled-booknlp-quotes,('maritalStatus', 'C'),6,6,0,-0.011228617363722404
scaled-booknlp-quotes,('maritalStatus', 'C'),6,6,1,-0.011228617363722404
scaled-booknlp-quotes,('maritalStatus', 'C'),6,6,2,-0.011228617363722404
scaled-booknlp-quotes,('maritalStatus', 'C'),6,6,3,-0.011228617363722404
scaled-booknlp-quotes,('maritalStatus', 'C'),6,6,4,-0.011228617363722404
scaled-booknlp-quotes,('maritalStatus', 'C'),6,6,5,-0.011228617363722404
scaled-booknlp-quotes,('maritalStatus', 'C'),6,6,6,-0.011228617363722404
scaled-booknlp-quotes,('maritalStatus', 'C'),6,6,7,-0.011228617363722404
scaled-booknlp-quotes,('maritalStatus', 'C'),6,6,8,-0.011228617363722404
scaled-booknlp-quotes,('maritalStatus', 'C'),6,6,9,-0.011228617363722404
scaled-booknlp-quotes,('maritalStatus', 'C'),6,6,10,-0.011228617363722404
scaled-booknlp-quotes,('maritalStatus', 'C'),6,6,11,-0.011228617363722404
scaled-booknlp-quotes,('maritalStatus', 'C'),6,6,12,-0.011228617363722404
scaled-booknlp-quotes,('maritalStatus', 'C'),6,6,13,-0.011228617363722404
scaled-booknlp-quotes,('maritalStatus', 'C'),6,6,14,-0.011228617363722404
scaled-booknlp-quotes,('maritalStatus', 'C'),6,6,15,-0.011228617363722404
scaled-booknlp-quotes,('maritalStatus', 'C'),6,6,16,-0.011228617363722404
scaled-booknlp-quotes,('maritalStatus', 'C'),6,6,17,-0.011228617363722404
scaled-booknlp-quotes,('maritalStatus', 'C'),6,6,18,-0.011228617363722404
scaled-booknlp-quotes,('maritalStatus', 'C'),6,6,19,-0.011228617363722404
scaled-booknlp-quotes,('maritalStatus', 'C'),6,6,20,-0.011228617363722404
scaled-booknlp-quotes,('maritalStatus', 'C'),6,6,21,-0.011228617363722404
scaled-booknlp-quotes,('maritalStatus', 'C'),6,6,22,-0.011228617363722404
scaled-booknlp-quotes,('maritalStatus', 'C'),6,6,23,-0.011228617363722404
scaled-booknlp-quotes,('maritalStatus', 'C'),6,6,24,-0.011228617363722404
scaled-booknlp-quotes,('maritalStatus', 'C'),6,6,25,-0.011228617363722404
scaled-booknlp-quotes,('maritalStatus', 'C'),6,6,26,-0.011228617363722404
scaled-booknlp-quotes,('maritalStatus', 'C'),6,6,27,-0.011228617363722404
scaled-booknlp-quotes,('maritalStatus', 'C'),6,6,28,-0.011228617363722404
scaled-booknlp-quotes,('maritalStatus', 'C'),6,6,29,-0.011228617363722404
scaled-booknlp-quotes,('maritalStatus', 'C'),6,6,30,-0.011228617363722404
scaled-booknlp-quotes,('maritalStatus', 'C'),6,6,31,-0.011228617363722404
scaled-booknlp-quotes,('maritalStatus', 'C'),6,6,32,-0.011228617363722404
scaled-booknlp-quotes,('maritalStatus', 'C'),6,6,33,-0.011228617363722404
scaled-booknlp-quotes,('maritalStatus', 'C'),6,6,34,-0.011228617363722404
scaled-booknlp-quotes,('maritalStatus', 'C'),6,6,35,-0.011228617363722404
scaled-booknlp-quotes,('maritalStatus', 'C'),6,6,36,-0.011228617363722404
scaled-booknlp-quotes,('maritalStatus', 'C'),6,6,37,-0.011228617363722404
scaled-booknlp-quotes,('maritalStatus', 'C'),6,6,38,-0.011228617363722404
scaled-booknlp-quotes,('maritalStatus', 'C'),6,6,39,-0.011228617363722404
scaled-booknlp-quotes,('maritalStatus', 'C'),6,6,40,-0.011228617363722404
scaled-booknlp-quotes,('maritalStatus', 'C'),6,6,41,-0.011228617363722404
scaled-booknlp-quotes,('maritalStatus', 'C'),6,6,42,-0.011228617363722404
scaled-booknlp-quotes,('maritalStatus', 'C'),6,6,43,-0.011228617363722404
scaled-booknlp-quotes,('maritalStatus', 'C'),6,6,44,-0.011228617363722404
scaled-booknlp-quotes,('maritalStatus', 'C'),6,6,45,-0.011228617363722404
scaled-booknlp-quotes,('maritalStatus', 'C'),6,6,46,-0.011228617363722404
scaled-booknlp-quotes,('maritalStatus', 'C'),6,6,47,-0.011228617363722404
scaled-booknlp-quotes,('maritalStatus', 'C'),6,6,48,-0.011228617363722404
scaled-booknlp-quotes,('maritalStatus', 'C'),6,6,49,-0.011228617363722404
scaled-booknlp-quotes,('rank', 'gentry'),14,14,0,-0.014305141332695424
scaled-booknlp-quotes,('rank', 'gentry'),14,14,1,-0.014305141332695424
scaled-booknlp-quotes,('rank', 'gentry'),14,14,2,-0.01409869711672065
scaled-booknlp-quotes,('rank', 'gentry'),14,14,3,-0.014305141332695424
scaled-booknlp-quotes,('rank', 'gentry'),14,14,4,-0.014305141332695424
scaled-booknlp-quotes,('rank', 'gentry'),14,14,5,-0.014305141332695424
scaled-booknlp-quotes,('rank', 'gentry'),14,14,6,-0.014305141332695424
scaled-booknlp-quotes,('rank', 'gentry'),14,14,7,-0.014305141332695424
scaled-booknlp-quotes,('rank', 'gentry'),14,14,8,-0.014305141332695424
scaled-booknlp-quotes,('rank', 'gentry'),14,14,9,-0.014305141332695424
scaled-booknlp-quotes,('rank', 'gentry'),14,14,10,-0.014305141332695424
scaled-booknlp-quotes,('rank', 'gentry'),14,14,11,-0.014305141332695424
scaled-booknlp-quotes,('rank', 'gentry'),14,14,12,-0.014305141332695424
scaled-booknlp-quotes,('rank', 'gentry'),14,14,13,-0.014305141332695424
scaled-booknlp-quotes,('rank', 'gentry'),14,14,14,-0.014305141332695424
scaled-booknlp-quotes,('rank', 'gentry'),14,14,15,-0.014305141332695424
scaled-booknlp-quotes,('rank', 'gentry'),14,14,16,-0.014305141332695424
scaled-booknlp-quotes,('rank', 'gentry'),14,14,17,-0.014305141332695424
scaled-booknlp-quotes,('rank', 'gentry'),14,14,18,-0.014305141332695424
scaled-booknlp-quotes,('rank', 'gentry'),14,14,19,-0.014305141332695424
scaled-booknlp-quotes,('rank', 'gentry'),14,14,20,-0.014305141332695424
scaled-booknlp-quotes,('rank', 'gentry'),14,14,21,-0.014305141332695424
scaled-booknlp-quotes,('rank', 'gentry'),14,14,22,-0.014305141332695424
scaled-booknlp-quotes,('rank', 'gentry'),14,14,23,-0.014305141332695424
scaled-booknlp-quotes,('rank', 'gentry'),14,14,24,-0.014305141332695424
scaled-booknlp-quotes,('rank', 'gentry'),14,14,25,-0.014305141332695424
scaled-booknlp-quotes,('rank', 'gentry'),14,14,26,-0.014305141332695424
scaled-booknlp-quotes,('rank', 'gentry'),14,14,27,-0.014305141332695424
scaled-booknlp-quotes,('rank', 'gentry'),14,14,28,-0.014305141332695424
scaled-booknlp-quotes,('rank', 'gentry'),14,14,29,-0.014305141332695424
scaled-booknlp-quotes,('rank', 'gentry'),14,14,30,-0.014305141332695424
scaled-booknlp-quotes,('rank', 'gentry'),14,14,31,-0.014305141332695424
scaled-booknlp-quotes,('rank', 'gentry'),14,14,32,-0.014305141332695424
scaled-booknlp-quotes,('rank', 'gentry'),14,14,33,-0.014305141332695424
scaled-booknlp-quotes,('rank', 'gentry'),14,14,34,-0.014305141332695424
scaled-booknlp-quotes,('rank', 'gentry'),14,14,35,-0.014305141332695424
scaled-booknlp-quotes,('rank', 'gentry'),14,14,36,-0.014305141332695424
scaled-booknlp-quotes,('rank', 'gentry'),14,14,37,-0.014305141332695424
scaled-booknlp-quotes,('rank', 'gentry'),14,14,38,-0.014305141332695424
scaled-booknlp-quotes,('rank', 'gentry'),14,14,39,-0.014305141332695424
scaled-booknlp-quotes,('rank', 'gentry'),14,14,40,-0.014305141332695424
scaled-booknlp-quotes,('rank', 'gentry'),14,14,41,-0.014305141332695424
scaled-booknlp-quotes,('rank', 'gentry'),14,14,42,-0.014305141332695424
scaled-booknlp-quotes,('rank', 'gentry'),14,14,43,-0.014305141332695424
scaled-booknlp-quotes,('rank', 'gentry'),14,14,44,-0.014305141332695424
scaled-booknlp-quotes,('rank', 'gentry'),14,14,45,-0.014305141332695424
scaled-booknlp-quotes,('rank', 'gentry'),14,14,46,-0.014305141332695424
scaled-booknlp-quotes,('rank', 'gentry'),14,14,47,-0.014305141332695424
scaled-booknlp-quotes,('rank', 'gentry'),14,14,48,-0.014305141332695424
scaled-booknlp-quotes,('rank', 'gentry'),14,14,49,-0.014305141332695424
scaled-booknlp-quotes,('rank', 'soldier'),12,12,0,0.10852360354896183
scaled-booknlp-quotes,('rank', 'soldier'),12,12,1,0.10852360354896183
scaled-booknlp-quotes,('rank', 'soldier'),12,12,2,0.10852360354896183
scaled-booknlp-quotes,('rank', 'soldier'),12,12,3,0.10852360354896183
scaled-booknlp-quotes,('rank', 'soldier'),12,12,4,0.10852360354896183
scaled-booknlp-quotes,('rank', 'soldier'),12,12,5,0.10852360354896183
scaled-booknlp-quotes,('rank', 'soldier'),12,12,6,0.10852360354896183
scaled-booknlp-quotes,('rank', 'soldier'),12,12,7,0.11726539884351582
scaled-booknlp-quotes,('rank', 'soldier'),12,12,8,0.10852360354896183
scaled-booknlp-quotes,('rank', 'soldier'),12,12,9,0.10852360354896183
scaled-booknlp-quotes,('rank', 'soldier'),12,12,10,0.10852360354896183
scaled-booknlp-quotes,('rank', 'soldier'),12,12,11,0.10852360354896183
scaled-booknlp-quotes,('rank', 'soldier'),12,12,12,0.10852360354896183
scaled-booknlp-quotes,('rank', 'soldier'),12,12,13,0.10852360354896183
scaled-booknlp-quotes,('rank', 'soldier'),12,12,14,0.10852360354896183
scaled-booknlp-quotes,('rank', 'soldier'),12,12,15,0.10852360354896183
scaled-booknlp-quotes,('rank', 'soldier'),12,12,16,0.10852360354896183
scaled-booknlp-quotes,('rank', 'soldier'),12,12,17,0.10852360354896183
scaled-booknlp-quotes,('rank', 'soldier'),12,12,18,0.10852360354896183
scaled-booknlp-quotes,('rank', 'soldier'),12,12,19,0.10852360354896183
scaled-booknlp-quotes,('rank', 'soldier'),12,12,20,0.10852360354896183
scaled-booknlp-quotes,('rank', 'soldier'),12,12,21,0.10852360354896183
scaled-booknlp-quotes,('rank', 'soldier'),12,12,22,0.10852360354896183
scaled-booknlp-quotes,('rank', 'soldier'),12,12,23,0.10852360354896183
scaled-booknlp-quotes,('rank', 'soldier'),12,12,24,0.10852360354896183
scaled-booknlp-quotes,('rank', 'soldier'),12,12,25,0.10852360354896183
scaled-booknlp-quotes,('rank', 'soldier'),12,12,26,0.10852360354896183
scaled-booknlp-quotes,('rank', 'soldier'),12,12,27,0.10852360354896183
scaled-booknlp-quotes,('rank', 'soldier'),12,12,28,0.10852360354896183
scaled-booknlp-quotes,('rank', 'soldier'),12,12,29,0.10852360354896183
scaled-booknlp-quotes,('rank', 'soldier'),12,12,30,0.10852360354896183
scaled-booknlp-quotes,('rank', 'soldier'),12,12,31,0.10852360354896183
scaled-booknlp-quotes,('rank', 'soldier'),12,12,32,0.10852360354896183
scaled-booknlp-quotes,('rank', 'soldier'),12,12,33,0.10852360354896183
scaled-booknlp-quotes,('rank', 'soldier'),12,12,34,0.10852360354896183
scaled-booknlp-quotes,('rank', 'soldier'),12,12,35,0.10852360354896183
scaled-booknlp-quotes,('rank', 'soldier'),12,12,36,0.10852360354896183
scaled-booknlp-quotes,('rank', 'soldier'),12,12,37,0.10852360354896183
scaled-booknlp-quotes,('rank', 'soldier'),12,12,38,0.10852360354896183
scaled-booknlp-quotes,('rank', 'soldier'),12,12,39,0.10852360354896183
scaled-booknlp-quotes,('rank', 'soldier'),12,12,40,0.11944107778814221
scaled-booknlp-quotes,('rank', 'soldier'),12,12,41,0.10852360354896183
scaled-booknlp-quotes,('rank', 'soldier'),12,12,42,0.10852360354896183
scaled-booknlp-quotes,('rank', 'soldier'),12,12,43,0.10852360354896183
scaled-booknlp-quotes,('rank', 'soldier'),12,12,44,0.10852360354896183
scaled-booknlp-quotes,('rank', 'soldier'),12,12,45,0.10852360354896183
scaled-booknlp-quotes,('rank', 'soldier'),12,12,46,0.10852360354896183
scaled-booknlp-quotes,('rank', 'soldier'),12,12,47,0.10852360354896183
scaled-booknlp-quotes,('rank', 'soldier'),12,12,48,0.10852360354896183
scaled-booknlp-quotes,('rank', 'soldier'),12,12,49,0.10852360354896183
scaled-booknlp-quotes,('rank', 'peer'),2,2,0,-0.006268384709762921
scaled-booknlp-quotes,('rank', 'peer'),2,2,1,-0.006268384709762921
scaled-booknlp-quotes,('rank', 'peer'),2,2,2,-0.006268384709762921
scaled-booknlp-quotes,('rank', 'peer'),2,2,3,-0.006268384709762921
scaled-booknlp-quotes,('rank', 'peer'),2,2,4,-0.006268384709762921
scaled-booknlp-quotes,('rank', 'peer'),2,2,5,-0.006268384709762921
scaled-booknlp-quotes,('rank', 'peer'),2,2,6,-0.006268384709762921
scaled-booknlp-quotes,('rank', 'peer'),2,2,7,-0.006268384709762921
scaled-booknlp-quotes,('rank', 'peer'),2,2,8,-0.006268384709762921
scaled-booknlp-quotes,('rank', 'peer'),2,2,9,-0.006268384709762921
scaled-booknlp-quotes,('rank', 'peer'),2,2,10,-0.006268384709762921
scaled-booknlp-quotes,('rank', 'peer'),2,2,11,-0.006268384709762921
scaled-booknlp-quotes,('rank', 'peer'),2,2,12,-0.006268384709762921
scaled-booknlp-quotes,('rank', 'peer'),2,2,13,-0.006268384709762921
scaled-booknlp-quotes,('rank', 'peer'),2,2,14,-0.006268384709762921
scaled-booknlp-quotes,('rank', 'peer'),2,2,15,-0.006268384709762921
scaled-booknlp-quotes,('rank', 'peer'),2,2,16,-0.006268384709762921
scaled-booknlp-quotes,('rank', 'peer'),2,2,17,-0.006268384709762921
scaled-booknlp-quotes,('rank', 'peer'),2,2,18,-0.006268384709762921
scaled-booknlp-quotes,('rank', 'peer'),2,2,19,-0.006268384709762921
scaled-booknlp-quotes,('rank', 'peer'),2,2,20,-0.006268384709762921
scaled-booknlp-quotes,('rank', 'peer'),2,2,21,-0.006268384709762921
scaled-booknlp-quotes,('rank', 'peer'),2,2,22,-0.006268384709762921
scaled-booknlp-quotes,('rank', 'peer'),2,2,23,-0.006268384709762921
scaled-booknlp-quotes,('rank', 'peer'),2,2,24,-0.006268384709762921
scaled-booknlp-quotes,('rank', 'peer'),2,2,25,-0.006268384709762921
scaled-booknlp-quotes,('rank', 'peer'),2,2,26,-0.006268384709762921
scaled-booknlp-quotes,('rank', 'peer'),2,2,27,-0.006268384709762921
scaled-booknlp-quotes,('rank', 'peer'),2,2,28,-0.006268384709762921
scaled-booknlp-quotes,('rank', 'peer'),2,2,29,-0.006268384709762921
scaled-booknlp-quotes,('rank', 'peer'),2,2,30,-0.006268384709762921
scaled-booknlp-quotes,('rank', 'peer'),2,2,31,-0.006268384709762921
scaled-booknlp-quotes,('rank', 'peer'),2,2,32,-0.006268384709762921
scaled-booknlp-quotes,('rank', 'peer'),2,2,33,-0.006268384709762921
scaled-booknlp-quotes,('rank', 'peer'),2,2,34,-0.006268384709762921
scaled-booknlp-quotes,('rank', 'peer'),2,2,35,-0.006268384709762921
scaled-booknlp-quotes,('rank', 'peer'),2,2,36,-0.006268384709762921
scaled-booknlp-quotes,('rank', 'peer'),2,2,37,-0.006268384709762921
scaled-booknlp-quotes,('rank', 'peer'),2,2,38,-0.006268384709762921
scaled-booknlp-quotes,('rank', 'peer'),2,2,39,-0.006268384709762921
scaled-booknlp-quotes,('rank', 'peer'),2,2,40,-0.006268384709762921
scaled-booknlp-quotes,('rank', 'peer'),2,2,41,-0.006268384709762921
scaled-booknlp-quotes,('rank', 'peer'),2,2,42,-0.006268384709762921
scaled-booknlp-quotes,('rank', 'peer'),2,2,43,-0.006268384709762921
scaled-booknlp-quotes,('rank', 'peer'),2,2,44,-0.006268384709762921
scaled-booknlp-quotes,('rank', 'peer'),2,2,45,-0.006268384709762921
scaled-booknlp-quotes,('rank', 'peer'),2,2,46,-0.006268384709762921
scaled-booknlp-quotes,('rank', 'peer'),2,2,47,-0.006268384709762921
scaled-booknlp-quotes,('rank', 'peer'),2,2,48,-0.006268384709762921
scaled-booknlp-quotes,('rank', 'peer'),2,2,49,-0.006268384709762921
scaled-booknlp-quotes,('Age', 17),7,7,0,-0.011887333217748128
scaled-booknlp-quotes,('Age', 17),7,7,1,-0.011887333217748128
scaled-booknlp-quotes,('Age', 17),7,7,2,-0.011228617363722404
scaled-booknlp-quotes,('Age', 17),7,7,3,-0.011887333217748128
scaled-booknlp-quotes,('Age', 17),7,7,4,-0.011887333217748128
scaled-booknlp-quotes,('Age', 17),7,7,5,-0.011887333217748128
scaled-booknlp-quotes,('Age', 17),7,7,6,-0.011887333217748128
scaled-booknlp-quotes,('Age', 17),7,7,7,-0.011228617363722404
scaled-booknlp-quotes,('Age', 17),7,7,8,-0.011887333217748128
scaled-booknlp-quotes,('Age', 17),7,7,9,-0.011887333217748128
scaled-booknlp-quotes,('Age', 17),7,7,10,-0.011887333217748128
scaled-booknlp-quotes,('Age', 17),7,7,11,-0.011887333217748128
scaled-booknlp-quotes,('Age', 17),7,7,12,-0.011887333217748128
scaled-booknlp-quotes,('Age', 17),7,7,13,-0.011887333217748128
scaled-booknlp-quotes,('Age', 17),7,7,14,-0.011887333217748128
scaled-booknlp-quotes,('Age', 17),7,7,15,-0.011887333217748128
scaled-booknlp-quotes,('Age', 17),7,7,16,-0.011887333217748128
scaled-booknlp-quotes,('Age', 17),7,7,17,-0.011887333217748128
scaled-booknlp-quotes,('Age', 17),7,7,18,-0.011887333217748128
scaled-booknlp-quotes,('Age', 17),7,7,19,-0.011887333217748128
scaled-booknlp-quotes,('Age', 17),7,7,20,-0.011887333217748128
scaled-booknlp-quotes,('Age', 17),7,7,21,-0.011887333217748128
scaled-booknlp-quotes,('Age', 17),7,7,22,-0.011887333217748128
scaled-booknlp-quotes,('Age', 17),7,7,23,-0.011887333217748128
scaled-booknlp-quotes,('Age', 17),7,7,24,-0.011887333217748128
scaled-booknlp-quotes,('Age', 17),7,7,25,-0.011887333217748128
scaled-booknlp-quotes,('Age', 17),7,7,26,-0.011887333217748128
scaled-booknlp-quotes,('Age', 17),7,7,27,-0.011887333217748128
scaled-booknlp-quotes,('Age', 17),7,7,28,-0.011887333217748128
scaled-booknlp-quotes,('Age', 17),7,7,29,-0.011887333217748128
scaled-booknlp-quotes,('Age', 17),7,7,30,-0.011887333217748128
scaled-booknlp-quotes,('Age', 17),7,7,31,-0.011887333217748128
scaled-booknlp-quotes,('Age', 17),7,7,32,-0.011887333217748128
scaled-booknlp-quotes,('Age', 17),7,7,33,-0.011887333217748128
scaled-booknlp-quotes,('Age', 17),7,7,34,-0.011887333217748128
scaled-booknlp-quotes,('Age', 17),7,7,35,-0.011887333217748128
scaled-booknlp-quotes,('Age', 17),7,7,36,-0.011887333217748128
scaled-booknlp-quotes,('Age', 17),7,7,37,-0.011887333217748128
scaled-booknlp-quotes,('Age', 17),7,7,38,-0.011887333217748128
scaled-booknlp-quotes,('Age', 17),7,7,39,-0.011887333217748128
scaled-booknlp-quotes,('Age', 17),7,7,40,-0.011887333217748128
scaled-booknlp-quotes,('Age', 17),7,7,41,-0.011887333217748128
scaled-booknlp-quotes,('Age', 17),7,7,42,-0.011887333217748128
scaled-booknlp-quotes,('Age', 17),7,7,43,-0.011887333217748128
scaled-booknlp-quotes,('Age', 17),7,7,44,-0.011887333217748128
scaled-booknlp-quotes,('Age', 17),7,7,45,-0.011887333217748128
scaled-booknlp-quotes,('Age', 17),7,7,46,-0.011887333217748128
scaled-booknlp-quotes,('Age', 17),7,7,47,-0.011887333217748128
scaled-booknlp-quotes,('Age', 17),7,7,48,-0.011887333217748128
scaled-booknlp-quotes,('Age', 17),7,7,49,-0.011887333217748128
scaled-booknlp-quotes,('Age', 20),13,13,0,-0.01409869711672065
scaled-booknlp-quotes,('Age', 20),13,13,1,-0.01409869711672065
scaled-booknlp-quotes,('Age', 20),13,13,2,-0.01409869711672065
scaled-booknlp-quotes,('Age', 20),13,13,3,-0.01409869711672065
scaled-booknlp-quotes,('Age', 20),13,13,4,-0.01409869711672065
scaled-booknlp-quotes,('Age', 20),13,13,5,-0.01409869711672065
scaled-booknlp-quotes,('Age', 20),13,13,6,-0.01409869711672065
scaled-booknlp-quotes,('Age', 20),13,13,7,-0.01409869711672065
scaled-booknlp-quotes,('Age', 20),13,13,8,-0.01409869711672065
scaled-booknlp-quotes,('Age', 20),13,13,9,-0.01409869711672065
scaled-booknlp-quotes,('Age', 20),13,13,10,-0.01409869711672065
scaled-booknlp-quotes,('Age', 20),13,13,11,-0.01409869711672065
scaled-booknlp-quotes,('Age', 20),13,13,12,-0.01409869711672065
scaled-booknlp-quotes,('Age', 20),13,13,13,-0.01409869711672065
scaled-booknlp-quotes,('Age', 20),13,13,14,-0.01409869711672065
scaled-booknlp-quotes,('Age', 20),13,13,15,-0.01409869711672065
scaled-booknlp-quotes,('Age', 20),13,13,16,-0.01409869711672065
scaled-booknlp-quotes,('Age', 20),13,13,17,-0.01409869711672065
scaled-booknlp-quotes,('Age', 20),13,13,18,-0.01409869711672065
scaled-booknlp-quotes,('Age', 20),13,13,19,-0.01409869711672065
scaled-booknlp-quotes,('Age', 20),13,13,20,-0.01409869711672065
scaled-booknlp-quotes,('Age', 20),13,13,21,-0.01409869711672065
scaled-booknlp-quotes,('Age', 20),13,13,22,-0.01409869711672065
scaled-booknlp-quotes,('Age', 20),13,13,23,-0.01409869711672065
scaled-booknlp-quotes,('Age', 20),13,13,24,-0.01409869711672065
scaled-booknlp-quotes,('Age', 20),13,13,25,-0.01409869711672065
scaled-booknlp-quotes,('Age', 20),13,13,26,-0.01409869711672065
scaled-booknlp-quotes,('Age', 20),13,13,27,-0.01409869711672065
scaled-booknlp-quotes,('Age', 20),13,13,28,-0.01409869711672065
scaled-booknlp-quotes,('Age', 20),13,13,29,-0.01409869711672065
scaled-booknlp-quotes,('Age', 20),13,13,30,-0.013860264117138884
scaled-booknlp-quotes,('Age', 20),13,13,31,-0.01409869711672065
scaled-booknlp-quotes,('Age', 20),13,13,32,-0.01409869711672065
scaled-booknlp-quotes,('Age', 20),13,13,33,-0.01409869711672065
scaled-booknlp-quotes,('Age', 20),13,13,34,-0.01409869711672065
scaled-booknlp-quotes,('Age', 20),13,13,35,-0.01409869711672065
scaled-booknlp-quotes,('Age', 20),13,13,36,-0.01409869711672065
scaled-booknlp-quotes,('Age', 20),13,13,37,-0.01409869711672065
scaled-booknlp-quotes,('Age', 20),13,13,38,-0.01409869711672065
scaled-booknlp-quotes,('Age', 20),13,13,39,-0.01409869711672065
scaled-booknlp-quotes,('Age', 20),13,13,40,-0.01409869711672065
scaled-booknlp-quotes,('Age', 20),13,13,41,-0.01409869711672065
scaled-booknlp-quotes,('Age', 20),13,13,42,-0.01409869711672065
scaled-booknlp-quotes,('Age', 20),13,13,43,-0.01409869711672065
scaled-booknlp-quotes,('Age', 20),13,13,44,-0.01409869711672065
scaled-booknlp-quotes,('Age', 20),13,13,45,-0.01409869711672065
scaled-booknlp-quotes,('Age', 20),13,13,46,-0.01409869711672065
scaled-booknlp-quotes,('Age', 20),13,13,47,-0.01409869711672065
scaled-booknlp-quotes,('Age', 20),13,13,48,-0.01409869711672065
scaled-booknlp-quotes,('Age', 20),13,13,49,-0.01409869711672065
scaled-booknlp-quotes,('Age', 24),15,15,0,-0.014484588557609026
scaled-booknlp-quotes,('Age', 24),15,15,1,-0.014484588557609026
scaled-booknlp-quotes,('Age', 24),15,15,2,-0.014484588557609026
scaled-booknlp-quotes,('Age', 24),15,15,3,-0.014484588557609026
scaled-booknlp-quotes,('Age', 24),15,15,4,-0.014484588557609026
scaled-booknlp-quotes,('Age', 24),15,15,5,-0.014484588557609026
scaled-booknlp-quotes,('Age', 24),15,15,6,-0.014484588557609026
scaled-booknlp-quotes,('Age', 24),15,15,7,-0.014484588557609026
scaled-booknlp-quotes,('Age', 24),15,15,8,-0.014484588557609026
scaled-booknlp-quotes,('Age', 24),15,15,9,-0.014484588557609026
scaled-booknlp-quotes,('Age', 24),15,15,10,-0.014484588557609026
scaled-booknlp-quotes,('Age', 24),15,15,11,-0.014484588557609026
scaled-booknlp-quotes,('Age', 24),15,15,12,-0.014484588557609026
scaled-booknlp-quotes,('Age', 24),15,15,13,-0.014484588557609026
scaled-booknlp-quotes,('Age', 24),15,15,14,-0.014484588557609026
scaled-booknlp-quotes,('Age', 24),15,15,15,-0.014484588557609026
scaled-booknlp-quotes,('Age', 24),15,15,16,-0.014484588557609026
scaled-booknlp-quotes,('Age', 24),15,15,17,-0.014484588557609026
scaled-booknlp-quotes,('Age', 24),15,15,18,-0.014484588557609026
scaled-booknlp-quotes,('Age', 24),15,15,19,-0.014484588557609026
scaled-booknlp-quotes,('Age', 24),15,15,20,-0.014305141332695424
scaled-booknlp-quotes,('Age', 24),15,15,21,-0.014484588557609026
scaled-booknlp-quotes,('Age', 24),15,15,22,-0.014484588557609026
scaled-booknlp-quotes,('Age', 24),15,15,23,-0.014484588557609026
scaled-booknlp-quotes,('Age', 24),15,15,24,-0.014484588557609026
scaled-booknlp-quotes,('Age', 24),15,15,25,-0.014484588557609026
scaled-booknlp-quotes,('Age', 24),15,15,26,-0.014484588557609026
scaled-booknlp-quotes,('Age', 24),15,15,27,-0.014484588557609026
scaled-booknlp-quotes,('Age', 24),15,15,28,-0.014484588557609026
scaled-booknlp-quotes,('Age', 24),15,15,29,-0.014484588557609026
scaled-booknlp-quotes,('Age', 24),15,15,30,-0.014484588557609026
scaled-booknlp-quotes,('Age', 24),15,15,31,-0.014484588557609026
scaled-booknlp-quotes,('Age', 24),15,15,32,-0.014484588557609026
scaled-booknlp-quotes,('Age', 24),15,15,33,-0.014484588557609026
scaled-booknlp-quotes,('Age', 24),15,15,34,-0.014484588557609026
scaled-booknlp-quotes,('Age', 24),15,15,35,-0.014484588557609026
scaled-booknlp-quotes,('Age', 24),15,15,36,-0.014305141332695424
scaled-booknlp-quotes,('Age', 24),15,15,37,-0.014484588557609026
scaled-booknlp-quotes,('Age', 24),15,15,38,-0.014484588557609026
scaled-booknlp-quotes,('Age', 24),15,15,39,-0.014484588557609026
scaled-booknlp-quotes,('Age', 24),15,15,40,-0.014484588557609026
scaled-booknlp-quotes,('Age', 24),15,15,41,-0.014484588557609026
scaled-booknlp-quotes,('Age', 24),15,15,42,-0.014484588557609026
scaled-booknlp-quotes,('Age', 24),15,15,43,-0.014484588557609026
scaled-booknlp-quotes,('Age', 24),15,15,44,-0.014484588557609026
scaled-booknlp-quotes,('Age', 24),15,15,45,-0.014484588557609026
scaled-booknlp-quotes,('Age', 24),15,15,46,-0.014484588557609026
scaled-booknlp-quotes,('Age', 24),15,15,47,-0.014484588557609026
scaled-booknlp-quotes,('Age', 24),15,15,48,-0.014484588557609026
scaled-booknlp-quotes,('Age', 24),15,15,49,-0.014484588557609026
scaled-booknlp-quotes,('Age', 27),16,16,0,-0.014641035712931813
scaled-booknlp-quotes,('Age', 27),16,16,1,-0.014641035712931813
scaled-booknlp-quotes,('Age', 27),16,16,2,-0.014641035712931813
scaled-booknlp-quotes,('Age', 27),16,16,3,-0.014641035712931813
scaled-booknlp-quotes,('Age', 27),16,16,4,-0.014641035712931813
scaled-booknlp-quotes,('Age', 27),16,16,5,-0.014641035712931813
scaled-booknlp-quotes,('Age', 27),16,16,6,-0.014641035712931813
scaled-booknlp-quotes,('Age', 27),16,16,7,-0.014641035712931813
scaled-booknlp-quotes,('Age', 27),16,16,8,-0.014641035712931813
scaled-booknlp-quotes,('Age', 27),16,16,9,-0.014641035712931813
scaled-booknlp-quotes,('Age', 27),16,16,10,-0.014641035712931813
scaled-booknlp-quotes,('Age', 27),16,16,11,-0.014641035712931813
scaled-booknlp-quotes,('Age', 27),16,16,12,-0.014641035712931813
scaled-booknlp-quotes,('Age', 27),16,16,13,-0.014641035712931813
scaled-booknlp-quotes,('Age', 27),16,16,14,-0.014641035712931813
scaled-booknlp-quotes,('Age', 27),16,16,15,-0.014641035712931813
scaled-booknlp-quotes,('Age', 27),16,16,16,-0.014641035712931813
scaled-booknlp-quotes,('Age', 27),16,16,17,-0.014641035712931813
scaled-booknlp-quotes,('Age', 27),16,16,18,-0.014641035712931813
scaled-booknlp-quotes,('Age', 27),16,16,19,-0.014641035712931813
scaled-booknlp-quotes,('Age', 27),16,16,20,-0.014641035712931813
scaled-booknlp-quotes,('Age', 27),16,16,21,-0.014641035712931813
scaled-booknlp-quotes,('Age', 27),16,16,22,-0.014641035712931813
scaled-booknlp-quotes,('Age', 27),16,16,23,-0.014484588557609026
scaled-booknlp-quotes,('Age', 27),16,16,24,-0.014641035712931813
scaled-booknlp-quotes,('Age', 27),16,16,25,-0.014641035712931813
scaled-booknlp-quotes,('Age', 27),16,16,26,-0.014641035712931813
scaled-booknlp-quotes,('Age', 27),16,16,27,-0.014641035712931813
scaled-booknlp-quotes,('Age', 27),16,16,28,-0.014641035712931813
scaled-booknlp-quotes,('Age', 27),16,16,29,-0.014641035712931813
scaled-booknlp-quotes,('Age', 27),16,16,30,-0.014641035712931813
scaled-booknlp-quotes,('Age', 27),16,16,31,-0.014641035712931813
scaled-booknlp-quotes,('Age', 27),16,16,32,-0.014641035712931813
scaled-booknlp-quotes,('Age', 27),16,16,33,-0.014641035712931813
scaled-booknlp-quotes,('Age', 27),16,16,34,-0.014641035712931813
scaled-booknlp-quotes,('Age', 27),16,16,35,-0.014641035712931813
scaled-booknlp-quotes,('Age', 27),16,16,36,-0.014641035712931813
scaled-booknlp-quotes,('Age', 27),16,16,37,-0.014641035712931813
scaled-booknlp-quotes,('Age', 27),16,16,38,-0.014641035712931813
scaled-booknlp-quotes,('Age', 27),16,16,39,-0.014484588557609026
scaled-booknlp-quotes,('Age', 27),16,16,40,-0.014641035712931813
scaled-booknlp-quotes,('Age', 27),16,16,41,-0.014641035712931813
scaled-booknlp-quotes,('Age', 27),16,16,42,-0.014641035712931813
scaled-booknlp-quotes,('Age', 27),16,16,43,-0.014641035712931813
scaled-booknlp-quotes,('Age', 27),16,16,44,-0.014641035712931813
scaled-booknlp-quotes,('Age', 27),16,16,45,-0.014641035712931813
scaled-booknlp-quotes,('Age', 27),16,16,46,-0.014641035712931813
scaled-booknlp-quotes,('Age', 27),16,16,47,-0.014641035712931813
scaled-booknlp-quotes,('Age', 27),16,16,48,-0.014641035712931813
scaled-booknlp-quotes,('Age', 27),16,16,49,-0.014641035712931813
scaled-booknlp-quotes,('Age', 30),11,11,0,0.11726539884351582
scaled-booknlp-quotes,('Age', 30),11,11,1,0.11726539884351582
scaled-booknlp-quotes,('Age', 30),11,11,2,0.11726539884351582
scaled-booknlp-quotes,('Age', 30),11,11,3,0.1272544826032051
scaled-booknlp-quotes,('Age', 30),11,11,4,0.11726539884351582
scaled-booknlp-quotes,('Age', 30),11,11,5,0.11726539884351582
scaled-booknlp-quotes,('Age', 30),11,11,6,0.11726539884351582
scaled-booknlp-quotes,('Age', 30),11,11,7,0.11726539884351582
scaled-booknlp-quotes,('Age', 30),11,11,8,0.11726539884351582
scaled-booknlp-quotes,('Age', 30),11,11,9,0.11726539884351582
scaled-booknlp-quotes,('Age', 30),11,11,10,0.11726539884351582
scaled-booknlp-quotes,('Age', 30),11,11,11,0.11726539884351582
scaled-booknlp-quotes,('Age', 30),11,11,12,0.11726539884351582
scaled-booknlp-quotes,('Age', 30),11,11,13,0.11726539884351582
scaled-booknlp-quotes,('Age', 30),11,11,14,0.11726539884351582
scaled-booknlp-quotes,('Age', 30),11,11,15,0.11726539884351582
scaled-booknlp-quotes,('Age', 30),11,11,16,0.11726539884351582
scaled-booknlp-quotes,('Age', 30),11,11,17,0.11726539884351582
scaled-booknlp-quotes,('Age', 30),11,11,18,0.11726539884351582
scaled-booknlp-quotes,('Age', 30),11,11,19,0.11726539884351582
scaled-booknlp-quotes,('Age', 30),11,11,20,0.11726539884351582
scaled-booknlp-quotes,('Age', 30),11,11,21,0.11726539884351582
scaled-booknlp-quotes,('Age', 30),11,11,22,0.11726539884351582
scaled-booknlp-quotes,('Age', 30),11,11,23,0.11726539884351582
scaled-booknlp-quotes,('Age', 30),11,11,24,0.11726539884351582
scaled-booknlp-quotes,('Age', 30),11,11,25,0.11726539884351582
scaled-booknlp-quotes,('Age', 30),11,11,26,0.11726539884351582
scaled-booknlp-quotes,('Age', 30),11,11,27,0.11726539884351582
scaled-booknlp-quotes,('Age', 30),11,11,28,0.11726539884351582
scaled-booknlp-quotes,('Age', 30),11,11,29,0.11726539884351582
scaled-booknlp-quotes,('Age', 30),11,11,30,0.11726539884351582
scaled-booknlp-quotes,('Age', 30),11,11,31,0.11726539884351582
scaled-booknlp-quotes,('Age', 30),11,11,32,0.11726539884351582
scaled-booknlp-quotes,('Age', 30),11,11,33,0.11726539884351582
scaled-booknlp-quotes,('Age', 30),11,11,34,0.11726539884351582
scaled-booknlp-quotes,('Age', 30),11,11,35,0.11726539884351582
scaled-booknlp-quotes,('Age', 30),11,11,36,0.11726539884351582
scaled-booknlp-quotes,('Age', 30),11,11,37,0.11726539884351582
scaled-booknlp-quotes,('Age', 30),11,11,38,0.11726539884351582
scaled-booknlp-quotes,('Age', 30),11,11,39,0.11726539884351582
scaled-booknlp-quotes,('Age', 30),11,11,40,0.11726539884351582
scaled-booknlp-quotes,('Age', 30),11,11,41,0.11726539884351582
scaled-booknlp-quotes,('Age', 30),11,11,42,0.1272544826032051
scaled-booknlp-quotes,('Age', 30),11,11,43,0.11726539884351582
scaled-booknlp-quotes,('Age', 30),11,11,44,0.11726539884351582
scaled-booknlp-quotes,('Age', 30),11,11,45,0.11726539884351582
scaled-booknlp-quotes,('Age', 30),11,11,46,0.11726539884351582
scaled-booknlp-quotes,('Age', 30),11,11,47,0.11726539884351582
scaled-booknlp-quotes,('Age', 30),11,11,48,0.11726539884351582
scaled-booknlp-quotes,('Age', 30),11,11,49,0.11726539884351582
scaled-booknlp-quotes,('Age', 40),11,11,0,-0.013583525752391995
scaled-booknlp-quotes,('Age', 40),11,11,1,-0.013583525752391995
scaled-booknlp-quotes,('Age', 40),11,11,2,-0.013583525752391995
scaled-booknlp-quotes,('Age', 40),11,11,3,-0.013583525752391995
scaled-booknlp-quotes,('Age', 40),11,11,4,-0.013583525752391995
scaled-booknlp-quotes,('Age', 40),11,11,5,-0.013583525752391995
scaled-booknlp-quotes,('Age', 40),11,11,6,-0.013583525752391995
scaled-booknlp-quotes,('Age', 40),11,11,7,-0.013583525752391995
scaled-booknlp-quotes,('Age', 40),11,11,8,-0.013583525752391995
scaled-booknlp-quotes,('Age', 40),11,11,9,-0.013583525752391995
scaled-booknlp-quotes,('Age', 40),11,11,10,-0.013583525752391995
scaled-booknlp-quotes,('Age', 40),11,11,11,-0.013583525752391995
scaled-booknlp-quotes,('Age', 40),11,11,12,-0.013583525752391995
scaled-booknlp-quotes,('Age', 40),11,11,13,-0.013583525752391995
scaled-booknlp-quotes,('Age', 40),11,11,14,-0.013583525752391995
scaled-booknlp-quotes,('Age', 40),11,11,15,-0.013583525752391995
scaled-booknlp-quotes,('Age', 40),11,11,16,-0.013583525752391995
scaled-booknlp-quotes,('Age', 40),11,11,17,-0.013583525752391995
scaled-booknlp-quotes,('Age', 40),11,11,18,-0.013583525752391995
scaled-booknlp-quotes,('Age', 40),11,11,19,-0.013583525752391995
scaled-booknlp-quotes,('Age', 40),11,11,20,-0.013583525752391995
scaled-booknlp-quotes,('Age', 40),11,11,21,-0.013583525752391995
scaled-booknlp-quotes,('Age', 40),11,11,22,-0.013583525752391995
scaled-booknlp-quotes,('Age', 40),11,11,23,-0.013583525752391995
scaled-booknlp-quotes,('Age', 40),11,11,24,-0.013583525752391995
scaled-booknlp-quotes,('Age', 40),11,11,25,-0.013583525752391995
scaled-booknlp-quotes,('Age', 40),11,11,26,-0.013583525752391995
scaled-booknlp-quotes,('Age', 40),11,11,27,-0.013583525752391995
scaled-booknlp-quotes,('Age', 40),11,11,28,-0.013583525752391995
scaled-booknlp-quotes,('Age', 40),11,11,29,-0.010913560355653341
scaled-booknlp-quotes,('Age', 40),11,11,30,-0.013583525752391995
scaled-booknlp-quotes,('Age', 40),11,11,31,-0.013583525752391995
scaled-booknlp-quotes,('Age', 40),11,11,32,-0.013583525752391995
scaled-booknlp-quotes,('Age', 40),11,11,33,-0.013583525752391995
scaled-booknlp-quotes,('Age', 40),11,11,34,-0.013583525752391995
scaled-booknlp-quotes,('Age', 40),11,11,35,-0.013583525752391995
scaled-booknlp-quotes,('Age', 40),11,11,36,-0.013583525752391995
scaled-booknlp-quotes,('Age', 40),11,11,37,-0.013583525752391995
scaled-booknlp-quotes,('Age', 40),11,11,38,-0.013583525752391995
scaled-booknlp-quotes,('Age', 40),11,11,39,-0.013583525752391995
scaled-booknlp-quotes,('Age', 40),11,11,40,-0.013583525752391995
scaled-booknlp-quotes,('Age', 40),11,11,41,-0.013583525752391995
scaled-booknlp-quotes,('Age', 40),11,11,42,-0.013583525752391995
scaled-booknlp-quotes,('Age', 40),11,11,43,-0.013583525752391995
scaled-booknlp-quotes,('Age', 40),11,11,44,-0.013583525752391995
scaled-booknlp-quotes,('Age', 40),11,11,45,-0.013583525752391995
scaled-booknlp-quotes,('Age', 40),11,11,46,-0.01326037011682902
scaled-booknlp-quotes,('Age', 40),11,11,47,-0.013583525752391995
scaled-booknlp-quotes,('Age', 40),11,11,48,-0.013583525752391995
scaled-booknlp-quotes,('Age', 40),11,11,49,-0.013583525752391995
scaled-booknlp-quotes,('Age', 50),14,14,0,-0.014305141332695424
scaled-booknlp-quotes,('Age', 50),14,14,1,-0.014305141332695424
scaled-booknlp-quotes,('Age', 50),14,14,2,-0.014305141332695424
scaled-booknlp-quotes,('Age', 50),14,14,3,-0.014305141332695424
scaled-booknlp-quotes,('Age', 50),14,14,4,-0.014305141332695424
scaled-booknlp-quotes,('Age', 50),14,14,5,-0.014305141332695424
scaled-booknlp-quotes,('Age', 50),14,14,6,-0.014305141332695424
scaled-booknlp-quotes,('Age', 50),14,14,7,-0.014305141332695424
scaled-booknlp-quotes,('Age', 50),14,14,8,-0.014305141332695424
scaled-booknlp-quotes,('Age', 50),14,14,9,-0.014305141332695424
scaled-booknlp-quotes,('Age', 50),14,14,10,-0.014305141332695424
scaled-booknlp-quotes,('Age', 50),14,14,11,-0.014305141332695424
scaled-booknlp-quotes,('Age', 50),14,14,12,-0.014305141332695424
scaled-booknlp-quotes,('Age', 50),14,14,13,-0.014305141332695424
scaled-booknlp-quotes,('Age', 50),14,14,14,-0.014305141332695424
scaled-booknlp-quotes,('Age', 50),14,14,15,-0.014305141332695424
scaled-booknlp-quotes,('Age', 50),14,14,16,-0.014305141332695424
scaled-booknlp-quotes,('Age', 50),14,14,17,-0.014305141332695424
scaled-booknlp-quotes,('Age', 50),14,14,18,-0.014305141332695424
scaled-booknlp-quotes,('Age', 50),14,14,19,-0.014305141332695424
scaled-booknlp-quotes,('Age', 50),14,14,20,-0.014305141332695424
scaled-booknlp-quotes,('Age', 50),14,14,21,-0.014305141332695424
scaled-booknlp-quotes,('Age', 50),14,14,22,-0.014305141332695424
scaled-booknlp-quotes,('Age', 50),14,14,23,-0.014305141332695424
scaled-booknlp-quotes,('Age', 50),14,14,24,-0.01409869711672065
scaled-booknlp-quotes,('Age', 50),14,14,25,-0.014305141332695424
scaled-booknlp-quotes,('Age', 50),14,14,26,-0.014305141332695424
scaled-booknlp-quotes,('Age', 50),14,14,27,-0.01409869711672065
scaled-booknlp-quotes,('Age', 50),14,14,28,-0.014305141332695424
scaled-booknlp-quotes,('Age', 50),14,14,29,-0.014305141332695424
scaled-booknlp-quotes,('Age', 50),14,14,30,-0.014305141332695424
scaled-booknlp-quotes,('Age', 50),14,14,31,-0.014305141332695424
scaled-booknlp-quotes,('Age', 50),14,14,32,-0.014305141332695424
scaled-booknlp-quotes,('Age', 50),14,14,33,-0.014305141332695424
scaled-booknlp-quotes,('Age', 50),14,14,34,-0.014305141332695424
scaled-booknlp-quotes,('Age', 50),14,14,35,-0.014305141332695424
scaled-booknlp-quotes,('Age', 50),14,14,36,-0.014305141332695424
scaled-booknlp-quotes,('Age', 50),14,14,37,-0.014305141332695424
scaled-booknlp-quotes,('Age', 50),14,14,38,-0.014305141332695424
scaled-booknlp-quotes,('Age', 50),14,14,39,-0.014305141332695424
scaled-booknlp-quotes,('Age', 50),14,14,40,-0.01409869711672065
scaled-booknlp-quotes,('Age', 50),14,14,41,-0.014305141332695424
scaled-booknlp-quotes,('Age', 50),14,14,42,-0.014305141332695424
scaled-booknlp-quotes,('Age', 50),14,14,43,-0.014305141332695424
scaled-booknlp-quotes,('Age', 50),14,14,44,-0.014305141332695424
scaled-booknlp-quotes,('Age', 50),14,14,45,-0.014305141332695424
scaled-booknlp-quotes,('Age', 50),14,14,46,-0.014305141332695424
scaled-booknlp-quotes,('Age', 50),14,14,47,-0.014305141332695424
scaled-booknlp-quotes,('Age', 50),14,14,48,-0.014305141332695424
scaled-booknlp-quotes,('Age', 50),14,14,49,-0.014305141332695424
scaled-booknlp-quotes,('Age', 60),9,9,0,-0.012880203559087729
scaled-booknlp-quotes,('Age', 60),9,9,1,-0.012880203559087729
scaled-booknlp-quotes,('Age', 60),9,9,2,-0.012880203559087729
scaled-booknlp-quotes,('Age', 60),9,9,3,-0.012880203559087729
scaled-booknlp-quotes,('Age', 60),9,9,4,-0.012880203559087729
scaled-booknlp-quotes,('Age', 60),9,9,5,-0.012880203559087729
scaled-booknlp-quotes,('Age', 60),9,9,6,-0.012880203559087729
scaled-booknlp-quotes,('Age', 60),9,9,7,-0.012880203559087729
scaled-booknlp-quotes,('Age', 60),9,9,8,-0.012880203559087729
scaled-booknlp-quotes,('Age', 60),9,9,9,-0.012880203559087729
scaled-booknlp-quotes,('Age', 60),9,9,10,-0.012880203559087729
scaled-booknlp-quotes,('Age', 60),9,9,11,-0.012880203559087729
scaled-booknlp-quotes,('Age', 60),9,9,12,-0.012880203559087729
scaled-booknlp-quotes,('Age', 60),9,9,13,-0.012880203559087729
scaled-booknlp-quotes,('Age', 60),9,9,14,-0.012880203559087729
scaled-booknlp-quotes,('Age', 60),9,9,15,-0.012880203559087729
scaled-booknlp-quotes,('Age', 60),9,9,16,-0.012880203559087729
scaled-booknlp-quotes,('Age', 60),9,9,17,-0.012880203559087729
scaled-booknlp-quotes,('Age', 60),9,9,18,-0.01242892324609382
scaled-booknlp-quotes,('Age', 60),9,9,19,-0.012880203559087729
scaled-booknlp-quotes,('Age', 60),9,9,20,-0.012880203559087729
scaled-booknlp-quotes,('Age', 60),9,9,21,-0.012880203559087729
scaled-booknlp-quotes,('Age', 60),9,9,22,-0.012880203559087729
scaled-booknlp-quotes,('Age', 60),9,9,23,-0.012880203559087729
scaled-booknlp-quotes,('Age', 60),9,9,24,-0.012880203559087729
scaled-booknlp-quotes,('Age', 60),9,9,25,-0.012880203559087729
scaled-booknlp-quotes,('Age', 60),9,9,26,-0.012880203559087729
scaled-booknlp-quotes,('Age', 60),9,9,27,-0.012880203559087729
scaled-booknlp-quotes,('Age', 60),9,9,28,-0.012880203559087729
scaled-booknlp-quotes,('Age', 60),9,9,29,-0.012880203559087729
scaled-booknlp-quotes,('Age', 60),9,9,30,-0.012880203559087729
scaled-booknlp-quotes,('Age', 60),9,9,31,-0.012880203559087729
scaled-booknlp-quotes,('Age', 60),9,9,32,-0.012880203559087729
scaled-booknlp-quotes,('Age', 60),9,9,33,-0.012880203559087729
scaled-booknlp-quotes,('Age', 60),9,9,34,-0.012880203559087729
scaled-booknlp-quotes,('Age', 60),9,9,35,-0.012880203559087729
scaled-booknlp-quotes,('Age', 60),9,9,36,-0.012880203559087729
scaled-booknlp-quotes,('Age', 60),9,9,37,-0.012880203559087729
scaled-booknlp-quotes,('Age', 60),9,9,38,-0.012880203559087729
scaled-booknlp-quotes,('Age', 60),9,9,39,-0.012880203559087729
scaled-booknlp-quotes,('Age', 60),9,9,40,-0.012880203559087729
scaled-booknlp-quotes,('Age', 60),9,9,41,-0.012880203559087729
scaled-booknlp-quotes,('Age', 60),9,9,42,-0.012880203559087729
scaled-booknlp-quotes,('Age', 60),9,9,43,-0.012880203559087729
scaled-booknlp-quotes,('Age', 60),9,9,44,-0.012880203559087729
scaled-booknlp-quotes,('Age', 60),9,9,45,-0.012880203559087729
scaled-booknlp-quotes,('Age', 60),9,9,46,-0.012880203559087729
scaled-booknlp-quotes,('Age', 60),9,9,47,-0.012880203559087729
scaled-booknlp-quotes,('Age', 60),9,9,48,-0.012880203559087729
scaled-booknlp-quotes,('Age', 60),9,9,49,-0.012880203559087729
scaled-booknlp-quotes,('Income', 50),7,7,0,-0.011887333217748128
scaled-booknlp-quotes,('Income', 50),7,7,1,-0.011887333217748128
scaled-booknlp-quotes,('Income', 50),7,7,2,-0.011887333217748128
scaled-booknlp-quotes,('Income', 50),7,7,3,-0.011887333217748128
scaled-booknlp-quotes,('Income', 50),7,7,4,-0.011887333217748128
scaled-booknlp-quotes,('Income', 50),7,7,5,-0.011887333217748128
scaled-booknlp-quotes,('Income', 50),7,7,6,-0.011887333217748128
scaled-booknlp-quotes,('Income', 50),7,7,7,-0.011887333217748128
scaled-booknlp-quotes,('Income', 50),7,7,8,-0.011887333217748128
scaled-booknlp-quotes,('Income', 50),7,7,9,-0.011887333217748128
scaled-booknlp-quotes,('Income', 50),7,7,10,-0.011887333217748128
scaled-booknlp-quotes,('Income', 50),7,7,11,-0.011887333217748128
scaled-booknlp-quotes,('Income', 50),7,7,12,-0.011887333217748128
scaled-booknlp-quotes,('Income', 50),7,7,13,-0.011887333217748128
scaled-booknlp-quotes,('Income', 50),7,7,14,-0.011887333217748128
scaled-booknlp-quotes,('Income', 50),7,7,15,-0.011887333217748128
scaled-booknlp-quotes,('Income', 50),7,7,16,-0.011887333217748128
scaled-booknlp-quotes,('Income', 50),7,7,17,-0.011887333217748128
scaled-booknlp-quotes,('Income', 50),7,7,18,-0.011887333217748128
scaled-booknlp-quotes,('Income', 50),7,7,19,-0.011887333217748128
scaled-booknlp-quotes,('Income', 50),7,7,20,-0.011887333217748128
scaled-booknlp-quotes,('Income', 50),7,7,21,-0.011887333217748128
scaled-booknlp-quotes,('Income', 50),7,7,22,-0.011887333217748128
scaled-booknlp-quotes,('Income', 50),7,7,23,-0.011887333217748128
scaled-booknlp-quotes,('Income', 50),7,7,24,-0.011887333217748128
scaled-booknlp-quotes,('Income', 50),7,7,25,-0.011887333217748128
scaled-booknlp-quotes,('Income', 50),7,7,26,-0.011887333217748128
scaled-booknlp-quotes,('Income', 50),7,7,27,-0.011887333217748128
scaled-booknlp-quotes,('Income', 50),7,7,28,-0.011887333217748128
scaled-booknlp-quotes,('Income', 50),7,7,29,-0.011887333217748128
scaled-booknlp-quotes,('Income', 50),7,7,30,-0.011887333217748128
scaled-booknlp-quotes,('Income', 50),7,7,31,-0.011887333217748128
scaled-booknlp-quotes,('Income', 50),7,7,32,-0.011887333217748128
scaled-booknlp-quotes,('Income', 50),7,7,33,-0.011228617363722404
scaled-booknlp-quotes,('Income', 50),7,7,34,-0.011887333217748128
scaled-booknlp-quotes,('Income', 50),7,7,35,-0.011887333217748128
scaled-booknlp-quotes,('Income', 50),7,7,36,-0.011887333217748128
scaled-booknlp-quotes,('Income', 50),7,7,37,-0.011887333217748128
scaled-booknlp-quotes,('Income', 50),7,7,38,-0.011887333217748128
scaled-booknlp-quotes,('Income', 50),7,7,39,-0.011887333217748128
scaled-booknlp-quotes,('Income', 50),7,7,40,-0.011887333217748128
scaled-booknlp-quotes,('Income', 50),7,7,41,-0.011887333217748128
scaled-booknlp-quotes,('Income', 50),7,7,42,-0.011887333217748128
scaled-booknlp-quotes,('Income', 50),7,7,43,-0.011887333217748128
scaled-booknlp-quotes,('Income', 50),7,7,44,-0.011887333217748128
scaled-booknlp-quotes,('Income', 50),7,7,45,-0.011887333217748128
scaled-booknlp-quotes,('Income', 50),7,7,46,-0.011887333217748128
scaled-booknlp-quotes,('Income', 50),7,7,47,-0.011887333217748128
scaled-booknlp-quotes,('Income', 50),7,7,48,-0.011887333217748128
scaled-booknlp-quotes,('Income', 50),7,7,49,-0.011887333217748128
scaled-booknlp-quotes,('Income', 250),7,7,0,-0.011887333217748128
scaled-booknlp-quotes,('Income', 250),7,7,1,-0.011887333217748128
scaled-booknlp-quotes,('Income', 250),7,7,2,-0.011887333217748128
scaled-booknlp-quotes,('Income', 250),7,7,3,-0.011887333217748128
scaled-booknlp-quotes,('Income', 250),7,7,4,-0.011887333217748128
scaled-booknlp-quotes,('Income', 250),7,7,5,-0.011887333217748128
scaled-booknlp-quotes,('Income', 250),7,7,6,-0.011887333217748128
scaled-booknlp-quotes,('Income', 250),7,7,7,-0.011887333217748128
scaled-booknlp-quotes,('Income', 250),7,7,8,-0.011887333217748128
scaled-booknlp-quotes,('Income', 250),7,7,9,-0.011887333217748128
scaled-booknlp-quotes,('Income', 250),7,7,10,-0.011887333217748128
scaled-booknlp-quotes,('Income', 250),7,7,11,-0.011887333217748128
scaled-booknlp-quotes,('Income', 250),7,7,12,-0.011887333217748128
scaled-booknlp-quotes,('Income', 250),7,7,13,-0.011887333217748128
scaled-booknlp-quotes,('Income', 250),7,7,14,-0.011887333217748128
scaled-booknlp-quotes,('Income', 250),7,7,15,-0.011887333217748128
scaled-booknlp-quotes,('Income', 250),7,7,16,-0.011887333217748128
scaled-booknlp-quotes,('Income', 250),7,7,17,-0.011887333217748128
scaled-booknlp-quotes,('Income', 250),7,7,18,-0.011887333217748128
scaled-booknlp-quotes,('Income', 250),7,7,19,-0.011887333217748128
scaled-booknlp-quotes,('Income', 250),7,7,20,-0.011887333217748128
scaled-booknlp-quotes,('Income', 250),7,7,21,-0.011887333217748128
scaled-booknlp-quotes,('Income', 250),7,7,22,-0.011887333217748128
scaled-booknlp-quotes,('Income', 250),7,7,23,-0.011887333217748128
scaled-booknlp-quotes,('Income', 250),7,7,24,-0.011887333217748128
scaled-booknlp-quotes,('Income', 250),7,7,25,-0.011887333217748128
scaled-booknlp-quotes,('Income', 250),7,7,26,-0.011887333217748128
scaled-booknlp-quotes,('Income', 250),7,7,27,-0.011887333217748128
scaled-booknlp-quotes,('Income', 250),7,7,28,-0.011887333217748128
scaled-booknlp-quotes,('Income', 250),7,7,29,-0.011887333217748128
scaled-booknlp-quotes,('Income', 250),7,7,30,-0.011887333217748128
scaled-booknlp-quotes,('Income', 250),7,7,31,-0.011887333217748128
scaled-booknlp-quotes,('Income', 250),7,7,32,-0.011887333217748128
scaled-booknlp-quotes,('Income', 250),7,7,33,-0.011887333217748128
scaled-booknlp-quotes,('Income', 250),7,7,34,-0.011887333217748128
scaled-booknlp-quotes,('Income', 250),7,7,35,-0.011887333217748128
scaled-booknlp-quotes,('Income', 250),7,7,36,-0.011887333217748128
scaled-booknlp-quotes,('Income', 250),7,7,37,-0.011887333217748128
scaled-booknlp-quotes,('Income', 250),7,7,38,-0.011887333217748128
scaled-booknlp-quotes,('Income', 250),7,7,39,-0.011887333217748128
scaled-booknlp-quotes,('Income', 250),7,7,40,-0.011887333217748128
scaled-booknlp-quotes,('Income', 250),7,7,41,-0.011887333217748128
scaled-booknlp-quotes,('Income', 250),7,7,42,-0.011887333217748128
scaled-booknlp-quotes,('Income', 250),7,7,43,-0.011887333217748128
scaled-booknlp-quotes,('Income', 250),7,7,44,-0.011887333217748128
scaled-booknlp-quotes,('Income', 250),7,7,45,-0.011887333217748128
scaled-booknlp-quotes,('Income', 250),7,7,46,-0.011887333217748128
scaled-booknlp-quotes,('Income', 250),7,7,47,-0.011887333217748128
scaled-booknlp-quotes,('Income', 250),7,7,48,-0.011887333217748128
scaled-booknlp-quotes,('Income', 250),7,7,49,-0.011887333217748128
scaled-booknlp-quotes,('Income', 500),8,8,0,-0.01242892324609382
scaled-booknlp-quotes,('Income', 500),8,8,1,-0.01242892324609382
scaled-booknlp-quotes,('Income', 500),8,8,2,-0.01242892324609382
scaled-booknlp-quotes,('Income', 500),8,8,3,-0.01242892324609382
scaled-booknlp-quotes,('Income', 500),8,8,4,-0.01242892324609382
scaled-booknlp-quotes,('Income', 500),8,8,5,-0.01242892324609382
scaled-booknlp-quotes,('Income', 500),8,8,6,-0.01242892324609382
scaled-booknlp-quotes,('Income', 500),8,8,7,-0.01242892324609382
scaled-booknlp-quotes,('Income', 500),8,8,8,-0.01242892324609382
scaled-booknlp-quotes,('Income', 500),8,8,9,-0.01242892324609382
scaled-booknlp-quotes,('Income', 500),8,8,10,-0.01242892324609382
scaled-booknlp-quotes,('Income', 500),8,8,11,-0.01242892324609382
scaled-booknlp-quotes,('Income', 500),8,8,12,-0.011887333217748128
scaled-booknlp-quotes,('Income', 500),8,8,13,-0.01242892324609382
scaled-booknlp-quotes,('Income', 500),8,8,14,-0.01242892324609382
scaled-booknlp-quotes,('Income', 500),8,8,15,-0.01242892324609382
scaled-booknlp-quotes,('Income', 500),8,8,16,-0.01242892324609382
scaled-booknlp-quotes,('Income', 500),8,8,17,-0.01242892324609382
scaled-booknlp-quotes,('Income', 500),8,8,18,-0.01242892324609382
scaled-booknlp-quotes,('Income', 500),8,8,19,-0.01242892324609382
scaled-booknlp-quotes,('Income', 500),8,8,20,-0.01242892324609382
scaled-booknlp-quotes,('Income', 500),8,8,21,-0.01242892324609382
scaled-booknlp-quotes,('Income', 500),8,8,22,-0.01242892324609382
scaled-booknlp-quotes,('Income', 500),8,8,23,-0.01242892324609382
scaled-booknlp-quotes,('Income', 500),8,8,24,-0.01242892324609382
scaled-booknlp-quotes,('Income', 500),8,8,25,-0.01242892324609382
scaled-booknlp-quotes,('Income', 500),8,8,26,-0.01242892324609382
scaled-booknlp-quotes,('Income', 500),8,8,27,-0.01242892324609382
scaled-booknlp-quotes,('Income', 500),8,8,28,-0.01242892324609382
scaled-booknlp-quotes,('Income', 500),8,8,29,-0.01242892324609382
scaled-booknlp-quotes,('Income', 500),8,8,30,-0.01242892324609382
scaled-booknlp-quotes,('Income', 500),8,8,31,-0.01242892324609382
scaled-booknlp-quotes,('Income', 500),8,8,32,-0.01242892324609382
scaled-booknlp-quotes,('Income', 500),8,8,33,-0.01242892324609382
scaled-booknlp-quotes,('Income', 500),8,8,34,-0.01242892324609382
scaled-booknlp-quotes,('Income', 500),8,8,35,-0.01242892324609382
scaled-booknlp-quotes,('Income', 500),8,8,36,-0.01242892324609382
scaled-booknlp-quotes,('Income', 500),8,8,37,-0.01242892324609382
scaled-booknlp-quotes,('Income', 500),8,8,38,-0.01242892324609382
scaled-booknlp-quotes,('Income', 500),8,8,39,-0.01242892324609382
scaled-booknlp-quotes,('Income', 500),8,8,40,-0.01242892324609382
scaled-booknlp-quotes,('Income', 500),8,8,41,-0.01242892324609382
scaled-booknlp-quotes,('Income', 500),8,8,42,-0.01242892324609382
scaled-booknlp-quotes,('Income', 500),8,8,43,-0.01242892324609382
scaled-booknlp-quotes,('Income', 500),8,8,44,-0.01242892324609382
scaled-booknlp-quotes,('Income', 500),8,8,45,-0.01242892324609382
scaled-booknlp-quotes,('Income', 500),8,8,46,-0.01242892324609382
scaled-booknlp-quotes,('Income', 500),8,8,47,-0.01242892324609382
scaled-booknlp-quotes,('Income', 500),8,8,48,-0.01242892324609382
scaled-booknlp-quotes,('Income', 500),8,8,49,-0.01242892324609382
scaled-booknlp-quotes,('Income', 1000),8,8,0,-0.01242892324609382
scaled-booknlp-quotes,('Income', 1000),8,8,1,-0.01242892324609382
scaled-booknlp-quotes,('Income', 1000),8,8,2,-0.01242892324609382
scaled-booknlp-quotes,('Income', 1000),8,8,3,-0.01242892324609382
scaled-booknlp-quotes,('Income', 1000),8,8,4,-0.01242892324609382
scaled-booknlp-quotes,('Income', 1000),8,8,5,-0.01242892324609382
scaled-booknlp-quotes,('Income', 1000),8,8,6,-0.01242892324609382
scaled-booknlp-quotes,('Income', 1000),8,8,7,-0.01242892324609382
scaled-booknlp-quotes,('Income', 1000),8,8,8,-0.01242892324609382
scaled-booknlp-quotes,('Income', 1000),8,8,9,-0.01242892324609382
scaled-booknlp-quotes,('Income', 1000),8,8,10,-0.01242892324609382
scaled-booknlp-quotes,('Income', 1000),8,8,11,-0.01242892324609382
scaled-booknlp-quotes,('Income', 1000),8,8,12,-0.01242892324609382
scaled-booknlp-quotes,('Income', 1000),8,8,13,-0.01242892324609382
scaled-booknlp-quotes,('Income', 1000),8,8,14,-0.01242892324609382
scaled-booknlp-quotes,('Income', 1000),8,8,15,-0.01242892324609382
scaled-booknlp-quotes,('Income', 1000),8,8,16,-0.01242892324609382
scaled-booknlp-quotes,('Income', 1000),8,8,17,-0.01242892324609382
scaled-booknlp-quotes,('Income', 1000),8,8,18,-0.01242892324609382
scaled-booknlp-quotes,('Income', 1000),8,8,19,-0.01242892324609382
scaled-booknlp-quotes,('Income', 1000),8,8,20,-0.01242892324609382
scaled-booknlp-quotes,('Income', 1000),8,8,21,-0.01242892324609382
scaled-booknlp-quotes,('Income', 1000),8,8,22,-0.01242892324609382
scaled-booknlp-quotes,('Income', 1000),8,8,23,-0.01242892324609382
scaled-booknlp-quotes,('Income', 1000),8,8,24,-0.01242892324609382
scaled-booknlp-quotes,('Income', 1000),8,8,25,-0.01242892324609382
scaled-booknlp-quotes,('Income', 1000),8,8,26,-0.01242892324609382
scaled-booknlp-quotes,('Income', 1000),8,8,27,-0.01242892324609382
scaled-booknlp-quotes,('Income', 1000),8,8,28,-0.01242892324609382
scaled-booknlp-quotes,('Income', 1000),8,8,29,-0.01242892324609382
scaled-booknlp-quotes,('Income', 1000),8,8,30,-0.01242892324609382
scaled-booknlp-quotes,('Income', 1000),8,8,31,-0.01242892324609382
scaled-booknlp-quotes,('Income', 1000),8,8,32,-0.01242892324609382
scaled-booknlp-quotes,('Income', 1000),8,8,33,-0.01242892324609382
scaled-booknlp-quotes,('Income', 1000),8,8,34,-0.01242892324609382
scaled-booknlp-quotes,('Income', 1000),8,8,35,-0.01242892324609382
scaled-booknlp-quotes,('Income', 1000),8,8,36,-0.01242892324609382
scaled-booknlp-quotes,('Income', 1000),8,8,37,-0.01242892324609382
scaled-booknlp-quotes,('Income', 1000),8,8,38,-0.01242892324609382
scaled-booknlp-quotes,('Income', 1000),8,8,39,-0.01242892324609382
scaled-booknlp-quotes,('Income', 1000),8,8,40,-0.01242892324609382
scaled-booknlp-quotes,('Income', 1000),8,8,41,-0.01242892324609382
scaled-booknlp-quotes,('Income', 1000),8,8,42,-0.01242892324609382
scaled-booknlp-quotes,('Income', 1000),8,8,43,-0.01242892324609382
scaled-booknlp-quotes,('Income', 1000),8,8,44,-0.01242892324609382
scaled-booknlp-quotes,('Income', 1000),8,8,45,-0.01242892324609382
scaled-booknlp-quotes,('Income', 1000),8,8,46,-0.01242892324609382
scaled-booknlp-quotes,('Income', 1000),8,8,47,-0.01242892324609382
scaled-booknlp-quotes,('Income', 1000),8,8,48,-0.01242892324609382
scaled-booknlp-quotes,('Income', 1000),8,8,49,-0.01242892324609382
scaled-booknlp-quotes,('Income', 3000),6,6,0,-0.011228617363722404
scaled-booknlp-quotes,('Income', 3000),6,6,1,-0.011228617363722404
scaled-booknlp-quotes,('Income', 3000),6,6,2,-0.011228617363722404
scaled-booknlp-quotes,('Income', 3000),6,6,3,-0.011228617363722404
scaled-booknlp-quotes,('Income', 3000),6,6,4,-0.011228617363722404
scaled-booknlp-quotes,('Income', 3000),6,6,5,-0.011228617363722404
scaled-booknlp-quotes,('Income', 3000),6,6,6,-0.011228617363722404
scaled-booknlp-quotes,('Income', 3000),6,6,7,-0.011228617363722404
scaled-booknlp-quotes,('Income', 3000),6,6,8,-0.011228617363722404
scaled-booknlp-quotes,('Income', 3000),6,6,9,-0.011228617363722404
scaled-booknlp-quotes,('Income', 3000),6,6,10,-0.011228617363722404
scaled-booknlp-quotes,('Income', 3000),6,6,11,-0.011228617363722404
scaled-booknlp-quotes,('Income', 3000),6,6,12,-0.011228617363722404
scaled-booknlp-quotes,('Income', 3000),6,6,13,-0.011228617363722404
scaled-booknlp-quotes,('Income', 3000),6,6,14,-0.011228617363722404
scaled-booknlp-quotes,('Income', 3000),6,6,15,-0.011228617363722404
scaled-booknlp-quotes,('Income', 3000),6,6,16,-0.011228617363722404
scaled-booknlp-quotes,('Income', 3000),6,6,17,-0.011228617363722404
scaled-booknlp-quotes,('Income', 3000),6,6,18,-0.011228617363722404
scaled-booknlp-quotes,('Income', 3000),6,6,19,-0.011228617363722404
scaled-booknlp-quotes,('Income', 3000),6,6,20,-0.011228617363722404
scaled-booknlp-quotes,('Income', 3000),6,6,21,-0.011228617363722404
scaled-booknlp-quotes,('Income', 3000),6,6,22,-0.011228617363722404
scaled-booknlp-quotes,('Income', 3000),6,6,23,-0.011228617363722404
scaled-booknlp-quotes,('Income', 3000),6,6,24,-0.011228617363722404
scaled-booknlp-quotes,('Income', 3000),6,6,25,-0.011228617363722404
scaled-booknlp-quotes,('Income', 3000),6,6,26,-0.011228617363722404
scaled-booknlp-quotes,('Income', 3000),6,6,27,-0.011228617363722404
scaled-booknlp-quotes,('Income', 3000),6,6,28,-0.011228617363722404
scaled-booknlp-quotes,('Income', 3000),6,6,29,-0.011228617363722404
scaled-booknlp-quotes,('Income', 3000),6,6,30,-0.011228617363722404
scaled-booknlp-quotes,('Income', 3000),6,6,31,-0.011228617363722404
scaled-booknlp-quotes,('Income', 3000),6,6,32,-0.011228617363722404
scaled-booknlp-quotes,('Income', 3000),6,6,33,-0.011228617363722404
scaled-booknlp-quotes,('Income', 3000),6,6,34,-0.011228617363722404
scaled-booknlp-quotes,('Income', 3000),6,6,35,-0.011228617363722404
scaled-booknlp-quotes,('Income', 3000),6,6,36,-0.011228617363722404
scaled-booknlp-quotes,('Income', 3000),6,6,37,-0.011228617363722404
scaled-booknlp-quotes,('Income', 3000),6,6,38,-0.011228617363722404
scaled-booknlp-quotes,('Income', 3000),6,6,39,-0.011228617363722404
scaled-booknlp-quotes,('Income', 3000),6,6,40,-0.010414142063189675
scaled-booknlp-quotes,('Income', 3000),6,6,41,-0.011228617363722404
scaled-booknlp-quotes,('Income', 3000),6,6,42,-0.009362758111318335
scaled-booknlp-quotes,('Income', 3000),6,6,43,-0.011228617363722404
scaled-booknlp-quotes,('Income', 3000),6,6,44,-0.011228617363722404
scaled-booknlp-quotes,('Income', 3000),6,6,45,-0.011228617363722404
scaled-booknlp-quotes,('Income', 3000),6,6,46,-0.011228617363722404
scaled-booknlp-quotes,('Income', 3000),6,6,47,-0.011228617363722404
scaled-booknlp-quotes,('Income', 3000),6,6,48,-0.011228617363722404
scaled-booknlp-quotes,('Income', 3000),6,6,49,-0.011228617363722404
scaled-booknlp-quotes,('Income', 15000),5,5,0,-0.010414142063189675
scaled-booknlp-quotes,('Income', 15000),5,5,1,-0.010414142063189675
scaled-booknlp-quotes,('Income', 15000),5,5,2,-0.010414142063189675
scaled-booknlp-quotes,('Income', 15000),5,5,3,-0.010414142063189675
scaled-booknlp-quotes,('Income', 15000),5,5,4,-0.010414142063189675
scaled-booknlp-quotes,('Income', 15000),5,5,5,-0.010414142063189675
scaled-booknlp-quotes,('Income', 15000),5,5,6,-0.010414142063189675
scaled-booknlp-quotes,('Income', 15000),5,5,7,-0.010414142063189675
scaled-booknlp-quotes,('Income', 15000),5,5,8,-0.010414142063189675
scaled-booknlp-quotes,('Income', 15000),5,5,9,-0.010414142063189675
scaled-booknlp-quotes,('Income', 15000),5,5,10,-0.010414142063189675
scaled-booknlp-quotes,('Income', 15000),5,5,11,-0.010414142063189675
scaled-booknlp-quotes,('Income', 15000),5,5,12,-0.010414142063189675
scaled-booknlp-quotes,('Income', 15000),5,5,13,-0.010414142063189675
scaled-booknlp-quotes,('Income', 15000),5,5,14,-0.010414142063189675
scaled-booknlp-quotes,('Income', 15000),5,5,15,-0.010414142063189675
scaled-booknlp-quotes,('Income', 15000),5,5,16,-0.010414142063189675
scaled-booknlp-quotes,('Income', 15000),5,5,17,-0.010414142063189675
scaled-booknlp-quotes,('Income', 15000),5,5,18,-0.010414142063189675
scaled-booknlp-quotes,('Income', 15000),5,5,19,-0.010414142063189675
scaled-booknlp-quotes,('Income', 15000),5,5,20,-0.010414142063189675
scaled-booknlp-quotes,('Income', 15000),5,5,21,-0.010414142063189675
scaled-booknlp-quotes,('Income', 15000),5,5,22,-0.010414142063189675
scaled-booknlp-quotes,('Income', 15000),5,5,23,-0.010414142063189675
scaled-booknlp-quotes,('Income', 15000),5,5,24,-0.010414142063189675
scaled-booknlp-quotes,('Income', 15000),5,5,25,-0.010414142063189675
scaled-booknlp-quotes,('Income', 15000),5,5,26,-0.010414142063189675
scaled-booknlp-quotes,('Income', 15000),5,5,27,-0.010414142063189675
scaled-booknlp-quotes,('Income', 15000),5,5,28,-0.010414142063189675
scaled-booknlp-quotes,('Income', 15000),5,5,29,-0.010414142063189675
scaled-booknlp-quotes,('Income', 15000),5,5,30,-0.010414142063189675
scaled-booknlp-quotes,('Income', 15000),5,5,31,-0.010414142063189675
scaled-booknlp-quotes,('Income', 15000),5,5,32,-0.010414142063189675
scaled-booknlp-quotes,('Income', 15000),5,5,33,-0.010414142063189675
scaled-booknlp-quotes,('Income', 15000),5,5,34,-0.010414142063189675
scaled-booknlp-quotes,('Income', 15000),5,5,35,-0.010414142063189675
scaled-booknlp-quotes,('Income', 15000),5,5,36,-0.010414142063189675
scaled-booknlp-quotes,('Income', 15000),5,5,37,-0.010414142063189675
scaled-booknlp-quotes,('Income', 15000),5,5,38,-0.010414142063189675
scaled-booknlp-quotes,('Income', 15000),5,5,39,-0.010414142063189675
scaled-booknlp-quotes,('Income', 15000),5,5,40,-0.010414142063189675
scaled-booknlp-quotes,('Income', 15000),5,5,41,-0.010414142063189675
scaled-booknlp-quotes,('Income', 15000),5,5,42,-0.010414142063189675
scaled-booknlp-quotes,('Income', 15000),5,5,43,-0.010414142063189675
scaled-booknlp-quotes,('Income', 15000),5,5,44,-0.010414142063189675
scaled-booknlp-quotes,('Income', 15000),5,5,45,-0.010414142063189675
scaled-booknlp-quotes,('Income', 15000),5,5,46,-0.010414142063189675
scaled-booknlp-quotes,('Income', 15000),5,5,47,-0.010414142063189675
scaled-booknlp-quotes,('Income', 15000),5,5,48,-0.010414142063189675
scaled-booknlp-quotes,('Income', 15000),5,5,49,-0.010414142063189675
